"","Year","Site","N_coord","W_coord","Area_monitored_m2","Transect_number","Abudefduf_declivifrons","Abudefduf_troschelii","Acanthurus_achilles","Acanthurus_nigricans","Acanthurus_triostegus","Acanthurus_xanthopterus","Alphestes_immaculatus","Aluterus_scriptus","Anisotremus_interruptus","Anisotremus_taeniatus","Arothron_hispidus","Arothron_meleagris","Balistes_polylepis","Bodianus_diplotaenia","Calamus_brachysomus","Calotomus_carolinus","Cantherhines_dumerilii","Canthigaster_punctatissima","Caranx_sp","Cephalopholis_colonus","Cephalopholis_panamensis","Chaetodon_humeralis","Chanos_chanos","Chilomycterus_reticulatus","Chromis_alta","Chromis_atrilobata","Chromis_limbaughi","Cirrhitichthys_oxycephalus","Cirrhitus_rivulatus","Diodon_holocanthus","Diodon_hystrix","Elops_affinis","Epinephelus_labriformis","Epinephelus_quinquefasciatus","Fistularia_commersonii","Forcipiger_flavissimus","Girella_simplicidens","Gnathanodon_speciosus","Haemulon_flaviguttatum","Haemulon_maculicauda","Haemulon_scudderii","Haemulon_sexfasciatum","Haemulon_steindachneri","Halichoeres_chierchiae","Halichoeres_dispilus","Halichoeres_melanotis","Halichoeres_nicholsi","Halichoeres_notospilus","Halichoeres_semicinctus","Holacanthus_clarionensis","Holacanthus_passer","Hoplopagrus_guentherii","Johnrandallia_nigrirostris","Kyphosus_sp","Lutjanus_aratus","Lutjanus_argentiventris","Lutjanus_colorado","Lutjanus_guttatus","Lutjanus_inermis","Lutjanus_novemfasciatus","Lutjanus_viridis","Melichthys_niger","Microspathodon_dorsalis","Mulloidichthys_dentatus","Mycteroperca_jordani","Mycteroperca_prionura","Mycteroperca_rosacea","Mycteroperca_xenarcha","Nicholsina_denticulata","Novaculichthys_taeniourus","Ophioblennius_steindachneri","Ostracion_meleagris","Oxycirrhites_typus","Pareques_sp","Plagiotremus_azaleus","Pomacanthus_zonipectus","Prionurus_laticlavius","Pseudobalistes_naufragium","Rypticus_bicolor","Scarus_compressus","Scarus_ghobban","Scarus_perrico","Scarus_rubroviolaceus","Scomberomorus_sierra","Seriola_lalandi","Seriola_rivoliana","Serranus_psittacinus","Sphoeroides_annulatus","Sphoeroides_lobatus","Stegastes_acapulcoensis","Stegastes_flavilatus","Stegastes_leucorus","Stegastes_rectrifaenum","Sufflamen_verres","Synodus_lacertinus","Thalassoma_grammaticum","Thalassoma_lucasanum","Trachinotus_rhodopus","Xyrichthys_pavo","Zanclus_cornutus","Nb_sp","Tot_weight","min_Axis.1","min_Axis.2","min_Axis.3","min_Axis.4","min_Axis.5","max_Axis.1","max_Axis.2","max_Axis.3","max_Axis.4","max_Axis.5","range_Axis.1","range_Axis.2","range_Axis.3","range_Axis.4","range_Axis.5","FIde_Axis.1","FIde_Axis.2","FIde_Axis.3","FIde_Axis.4","FIde_Axis.5","FRic","FDiv","FEve","FDis","FSpe","FOri"
"2007Cantil",1,"Cantil",23.43973468,-109.4111893,157,11,0,0,0,0.231615518,0,0.05790388,0.05790388,0,0,0,0,0.115807759,0.115807759,2.721482339,0,0,0,1.795020266,0,52.92414592,0,0,0,0,0,56.91951361,0,4.284887087,0,0.521134916,0.173711639,0,0.984365953,0,0.173711639,0,0,0,0,0,0,0,0,0.115807759,1.27388535,0.347423277,0.231615518,0,0,0,1.447596989,0,0.173711639,0.173711639,0,0,1.737116387,0,0,0,0,0,0,1.158077591,0,0,1.389693109,0,0,0,0.05790388,0,0,0,0.05790388,0,5.095541401,0,0,0.231615518,0.115807759,0.173711639,0.868558193,0,0,0,0.173711639,0,0,0,1.33178923,0,2.60567458,1.158077591,0.694846555,0.231615518,28.83613202,0,0,0,38,170.758540826,-0.31526204966462,-0.365120475976801,-0.259219912229895,-0.217538161369367,-0.230331777045163,0.21846976198706,0.429806757849661,0.28776786942295,0.335549825933587,0.254466912455063,0.53373181165168,0.794927233826462,0.546987781652845,0.553087987302954,0.484798689500227,0.0925829279391649,0.270328425957914,-0.146618141173735,-0.0459428411155829,-0.00868795911590249,0.315242,0.981147,0.517823,0.526849747534001,0.733781712668548,0.44403425521245
"2007Chopitos-Casitas",1,"Chopitos-Casitas",23.40370307,-109.4168574,78.5,6,0,0,0,0,0,0,0,0,0,0,0,0,0,0,0,0,0,2.123142251,0,0,0,0,0,0,0,0,0,8.280254777,0,0.42462845,0,0,0,0,0,0,0,0,0,0,0,0,0,0.42462845,3.609341826,0,1.061571125,0.42462845,0,0,0.42462845,0,0,6.581740977,0,0,0,0,0,0,0,0,0.42462845,0,0,0,0,0,0,0,0,0,0,0,0.212314225,0,0,0,0,0,0.212314225,0,0,0,0,0,2.123142251,0,0,0,0.8492569,0,11.0403397,1.061571125,0.212314225,0.42462845,19.5329087,0,0,0,19,59.447983007,-0.31526204966462,-0.309772270332159,-0.230115550015387,-0.163150606334805,-0.12247990070148,0.0714390808949641,0.229356287758008,0.28776786942295,0.335549825933587,0.128890813255094,0.386701130559585,0.539128558090168,0.517883419438337,0.498700432268392,0.251370713956574,-0.10472951558772,0.11707540002361,-0.0742844683565267,0.00639820979643147,-0.019912949750952,0.04047,0.899091,0.496553,0.605694081235427,0.584740940898546,0.343966328847053
"2007Navajas",1,"Navajas",23.44524538,-109.4178619,78.5,6,0,0,0,0.8492569,0,2.123142251,0,0,0,0,0,0,0.42462845,1.486199575,0,0,0,1.061571125,0,0,0,0,0,0,0,22.92993631,0,12.52653928,0,0.636942675,0,0,0.636942675,0,0,0,0,0,0,0,0,0,0,1.061571125,2.547770701,0,0.636942675,0,2.123142251,0,3.184713376,0.212314225,1.27388535,0,0,0,0.212314225,0,0,0,0,0,0,0.636942675,0,0,1.061571125,0,0,0,0,0,0,0,0,0,30.36093418,0,0,0,1.27388535,0.636942675,0.212314225,0,0,0,0.8492569,0,0,0,1.6985138,0,3.609341826,1.486199575,0,0.636942675,39.06581741,0,0,0.42462845,30,135.881104035,-0.31526204966462,-0.365120475976801,-0.259219912229895,-0.217538161369367,-0.230331777045163,0.197256953918577,0.429806757849661,0.28776786942295,0.335549825933587,0.254466912455063,0.512519003583198,0.794927233826462,0.546987781652845,0.553087987302954,0.484798689500227,-0.000468861216366608,0.188060141227381,-0.11058115299587,-0.00934616179048647,0.0270269254084076,0.199718,0.945288,0.505769,0.623681297160967,0.640162473597764,0.520797764959654
"2008Cantil",2,"Cantil",23.43973468,-109.4111893,278.5,22,0,0,0,0.048963604,0,0.26113922,0,0,0.016321201,0,0,0.408030031,0.244818019,0.571242043,0.016321201,0,0,0.946629672,4.896360372,2.595070997,0.114248409,0.016321201,0,0,0,24.26962624,0,2.595070997,0,0.228496817,0.081606006,0,0.081606006,0,0.032642402,0.032642402,0,0,0.65284805,0,0,0.016321201,0,0.195854415,0.424351232,0,0.342745226,0,0,0,0.554920842,0,0.195854415,3.378488657,0,0,0.212175616,0,0,0,0.293781622,0,0,1.403623307,0,0,0.293781622,0,0,0,0.865023666,0,0,0,0.244818019,0,3.117349437,0,0,0.016321201,0.293781622,0.195854415,5.679778032,0,0,0,0.277460421,0,0,0,0.26113922,0,1.109841684,0.408030031,0.032642402,0.13056961,39.75844622,0,0,0,45,97.812959025,-0.31526204966462,-0.365120475976801,-0.263762437448512,-0.275454082949749,-0.230331777045163,0.40199144481392,0.429806757849661,0.28776786942295,0.335549825933587,0.254466912455063,0.717253494478541,0.794927233826462,0.551530306871462,0.611003908883336,0.484798689500227,0.0409137357338255,0.226307002178698,-0.141268337883176,-0.063118850910491,-0.0335632062855947,0.469113,0.971726,0.509108,0.563448326588532,0.690808069729917,0.441070041208245
"2008Chopitos-Casitas",2,"Chopitos-Casitas",23.40370307,-109.4168574,78.5,6,0,48.19532909,0,0,0,0.212314225,0,0,0,0,0,0,0.212314225,0.8492569,0,0,0,1.910828025,0,0,0,0,0,0,0,0,0,1.486199575,0,0.212314225,0,0,0.212314225,0,0,0,0,0,0,0,0,0,0,9.129511677,10.40339703,0,0.8492569,0,0,0,0,0,0.42462845,8.492569002,0,0,0,0,0,0,0,0,0,1.6985138,0,0,0,0,0,0,0,0,0,0,0.8492569,0,14.4373673,0,0,0.212314225,5.944798301,0,0.212314225,0,0,0,3.184713376,0,0,0,2.972399151,0,17.62208068,0.212314225,0,0.8492569,32.69639066,0,0,0,25,163.481953292,-0.31526204966462,-0.347931600486176,-0.230115550015387,-0.184466289169344,-0.12247990070148,0.124471912014523,0.307133925581835,0.28776786942295,0.335549825933587,0.254466912455063,0.439733961679143,0.655065526068011,0.517883419438337,0.520016115102931,0.376946813156543,-0.0437066787768205,0.163970462399455,-0.0874066820191546,-0.0289306010420059,0.0100616525900815,0.102767,0.907747,0.428472,0.59048214918597,0.594498086917688,0.314464810648128
"2008Navajas",2,"Navajas",23.44524538,-109.4178619,100,3,0,0,0,0,0,0,0,0,0,11.33333333,0,0.333333333,0,0.333333333,0,0,0,4,0,0,0,0,0,0,0,1,0,4,0.333333333,0,0,0,1,0,0,0,0,0,0,0,0,0,0,0,2.666666667,0,0,0,0,0,1.333333333,0,0.666666667,0,0,0,0,0,0,0,0,0,2,0,0,0,0,0,0,0,0,0,0,0,0,0,8.333333333,0,0,0,0,0.666666667,0,0,0,0,0.333333333,0,0,0,0,0,10,1.333333333,0,1,120.6666667,0,0,0,19,171.333333362,-0.31526204966462,-0.347931600486176,-0.259219912229895,-0.16416778670685,-0.166508132765428,0.322043285883061,0.429806757849661,0.216122399837276,0.335549825933587,0.254466912455063,0.637305335547681,0.777738358335837,0.475342312067171,0.499717612640437,0.420975045220491,-0.0174550373495233,0.163873065751128,-0.179980572582694,-0.09229910184765,-0.0409528585693711,0.093163,0.968375,0.604758,0.412747721222727,0.626925863808239,0.505866142950098
"2009Bajo",3,"Bajo",23.45780716,-109.405278,100,4,0,0,0,0,0,0.25,0,0,0,0,0,1.25,1.25,9.25,0,0,0,0.75,0,7.75,0,0,0,0,18.75,0,0,23.5,0,2,0.5,0,0.25,0,1.25,0,0,0,0,0,0,0,0,0,65,0,0,0,0,0,1.5,0,0.25,0,0,0,0,0,0,0,0,0,0,0,0,0,0.5,0,0,0,1.25,0,0,0,1,0,6.5,0,0,0,0,0,0,0,0,0,0,0,0,0,0.75,0,0,1,0,0,69.5,0,0,0,22,214,-0.31526204966462,-0.347931600486176,-0.230115550015387,-0.16416778670685,-0.230331777045163,0.21846976198706,0.288369775222043,0.216122399837276,0.335549825933587,0.254466912455063,0.53373181165168,0.636301375708219,0.446237949852663,0.499717612640437,0.484798689500227,-0.0790102522421545,0.110164444435632,-0.104555104344683,-0.0547003422536489,-0.0372191011167757,0.14877,0.764733,0.465103,0.525432597324717,0.546411666251964,0.391865888269056
"2009Cantil",3,"Cantil",23.43973468,-109.4111893,200,6,0,0,0,0,0,0.083333333,0,0,0,0,0,1.833333333,0,4.666666667,0,0,0,0.916666667,0,0.666666667,0.083333333,0,0,0,37.08333333,0,0,6.25,0,0.083333333,0,0,0.416666667,0,0,0,0,0,0,0,0,0,0,0,0.416666667,0,0,0,0,0,2.083333333,0,0.083333333,0,0,0.083333333,0,0,0,0,0.166666667,0,0,0,0,0,0.5,0,0,0,0.083333333,0,0,0,0.916666667,0,32.66666667,0,0,0,0.166666667,0.833333333,0.25,0,0,0,0,0,0,0,0.75,0,0.333333333,0.916666667,0,0.25,33.75,0,0,0,27,126.333333333,-0.31526204966462,-0.347931600486176,-0.263762437448512,-0.16416778670685,-0.230331777045163,0.36797733110349,0.288369775222043,0.28776786942295,0.335549825933587,0.254466912455063,0.683239380768111,0.636301375708219,0.551530306871462,0.499717612640437,0.484798689500227,-0.0413627917430458,0.167256522389767,-0.0671660343390442,-0.0353806051238315,-0.0156148781167909,0.235308,0.92743,0.503658,0.563198404683784,0.577646304134537,0.54738225627764
"2009Chopitos-Casitas",3,"Chopitos-Casitas",23.40370307,-109.4168574,100,4,0,0,0,0.25,0,0,0,0,0,0,0,0,0,2.5,0,0,0,1.75,0,0,0.25,0,0,0,32.5,0,0,2.75,0,0.5,0,0,0.25,0,0,0,0,0,0,0,0,0,0,0.25,1,1.75,1.5,0,0,0,0.75,0,9.25,1.5,0,0,0,0,0,0,3.25,0,0,0,0,0,0,0,0,0,0,0,0,0,1.5,0.25,10.5,0,0,0,0,0,1.75,0,0,0,0,0,0,0,3,0,4.75,0,0,1.25,72.75,0,1,0,25,156.75,-0.31526204966462,-0.347931600486176,-0.263762437448512,-0.209274478497611,-0.204820891482057,0.135503538092868,0.251391735045584,0.220412565336826,0.335549825933587,0.254466912455063,0.450765587757488,0.59932333553176,0.484175002785338,0.544824304431198,0.45928780393712,-0.057544641451537,0.168726148701893,-0.125416397759527,-0.0730453262059753,-0.0600085432225555,0.10397,0.931881,0.504919,0.467218058303354,0.591606861768885,0.45942839996583
"2009Islote",3,"Islote",23.40785035,-109.413471,100,8,0,0,0,0,0,0.125,0,0,0,0,0,0.5,0,3.75,0,0,0,0.75,7.5,4.25,0,0,0,0,67.75,0,0,4.5,0,6,0.125,0,0.125,0,0,0,0,0,0,0,0,0,0,0.875,12.25,0,0.5,0,0,0,5.875,0,1.625,0,0,0.125,0,0,0,0,0,0,0,0,0,0,1.5,0,0,0,0.125,0,0,0,0.375,0.125,2.875,0,0,0.25,0.25,0.125,0.375,0,0,0,0.375,0,0,0,0,0,0.25,1.125,0,0,6.375,0,0.25,0,31,131,-0.31526204966462,-0.347931600486176,-0.230115550015387,-0.209274478497611,-0.230331777045163,0.40199144481392,0.288369775222043,0.28776786942295,0.335549825933587,0.254466912455063,0.717253494478541,0.636301375708219,0.517883419438337,0.544824304431198,0.484798689500227,-0.0706536481461539,0.133552702731673,-0.0492339993209939,-0.0374807529386629,-0.108759666248646,0.253735,0.829747,0.511458,0.488610839841515,0.567150866570612,0.378376783701326
"2009Morros",3,"Morros",23.4616989,-109.4067642,300,6,0,0,0,0,0,0.166666667,0,0,0,0,0,0.222222222,0,1.111111111,0.388888889,0,0,0,0,0.111111111,0,0,0,0,4.722222222,0,0.055555556,0.388888889,0,1.666666667,0.055555556,0,0.055555556,0,0,0,0,0,0,0,0,0,0,0.166666667,5.888888889,0,0.055555556,0,0,0,0.222222222,0,0,0,0,0.055555556,0,0,0,0,0,0,0,1.666666667,0,0,0.277777778,0,0,0,0,0,0,0,0.333333333,0.111111111,1.944444444,0,0,0.055555556,0,0.055555556,0.055555556,0,0,0,0,0,0,0,0.055555556,0,0.055555556,0.055555556,0,0.166666667,11.16666667,0,0,0,29,31.333333342,-0.31526204966462,-0.347931600486176,-0.235110094455809,-0.184466289169344,-0.230331777045163,0.36797733110349,0.317722381138228,0.220412565336826,0.335549825933587,0.254466912455063,0.683239380768111,0.665653981624404,0.455522659792635,0.520016115102931,0.484798689500227,-0.069128168487237,0.0882475853480171,-0.107163436433062,-0.0974620584726551,-0.0338992610157403,0.237261,0.839721,0.485346,0.538443040657528,0.563497825127161,0.407848428039228
"2010Cien-Esperanza",4,"Cien-Esperanza",23.42463328,-109.4067111,100,8,0,0,0,0,0,0.375,0.125,0,0,0,0,2.25,0.25,2.5,0,0,0,2.375,0,77.5,1.875,0,0,0,0,6.25,0,2.875,0,0.25,0,0,0.25,0,0,0,0,0,0,0,0,15,106.25,0,0.75,0,0,0,0,0,2.125,0.375,0.75,0,0,0.625,0,0,0,0.25,12.125,0,0,0,0,0,13,0,0,0,0,0,0.25,0,6.25,0,3.5,0,0,0,0.375,0,0.125,0,0,0,1.125,0,0,0,0.75,0.25,0.125,0.875,0,0,35.875,0,0,0,33,297.625,-0.31526204966462,-0.363571461394881,-0.371936527693208,-0.284417033618065,-0.230331777045163,0.36797733110349,0.429806757849661,0.28776786942295,0.335549825933587,0.254466912455063,0.683239380768111,0.793378219244542,0.659704397116158,0.619966859551652,0.484798689500227,0.174111431610537,0.0576200475092995,-0.19251680241202,-0.12537944416384,0.0273833505848225,0.398919,0.979183,0.511572,0.699097437562979,0.772065117460681,0.609582708726057
"2010Frailes-Lobera",4,"Frailes-Lobera",23.38204,-109.414745,200,16,0,1.5625,0,0.03125,0,0,0,0,0,0,0,0.34375,0.15625,2.3125,0,0,0,1.3125,0,0.78125,0.28125,0,0,0,0,23.40625,0,2.375,0.0625,0.03125,0,0,0.09375,0,0.03125,0,0,0,0,0.28125,0,0,0,0.46875,1.3125,0.0625,0.125,0.03125,0,0,0.21875,0.0625,0.25,2.21875,0,0,0,0,0,0,1.15625,0,0.21875,0,0,0,0.15625,0,0,0,1.75,0,0,0,1.875,0.0625,3.46875,0,0,0.0625,0.09375,0,0.46875,0,0,0,0.28125,0,0,0,1.34375,0,1.875,0.40625,0,0.1875,47.34375,0,0,1.09375,41,99.65625,-0.31526204966462,-0.347931600486176,-0.263762437448512,-0.16416778670685,-0.230331777045163,0.281065002204946,0.429806757849661,0.28776786942295,0.335549825933587,0.254466912455063,0.596327051869567,0.777738358335837,0.551530306871462,0.499717612640437,0.484798689500227,-0.00117770618146735,0.223917716453454,-0.172573264528616,-0.0577058906184174,-0.0415913350928568,0.288877,0.966217,0.424808,0.499918685362977,0.676808823204148,0.472385898565716
"2010Islote",4,"Islote",23.40785035,-109.413471,100,10,0,0,0,0,0,0,0,0,0,0,0,0.2,0.3,5.2,0,0,0,1.4,0.2,5.2,0.2,0,0,0,0,168.3,0.2,9.6,0.1,0.2,0.2,0,0.1,0,0,0,0,0,0,0,0,1.2,110,2.2,2.5,0,2,0,0,0,6.5,0,3.4,0,0,0.1,0,0,0,0,0,0,0,0,0,0,0.4,0,0,0,2.2,0.1,0,0,14.5,0.1,15.8,0,0,0,0.2,0,0.2,0,0,0,1.4,0,0,0,1.3,0,2.1,1.3,0,0,29.2,0,0,0,35,388.1,-0.31526204966462,-0.347931600486176,-0.371936527693208,-0.284417033618065,-0.230331777045163,0.40199144481392,0.429806757849661,0.28776786942295,0.335549825933587,0.254466912455063,0.717253494478541,0.777738358335837,0.659704397116158,0.619966859551652,0.484798689500227,0.11630036337611,0.200270745358505,-0.2395236998655,-0.0684486961812095,-0.00814401717229534,0.390139,0.971948,0.354019,0.702575809627073,0.83564600228006,0.621089587208137
"2010Morros",4,"Morros",23.4616989,-109.4067642,100,2,0,0,0,1,0,0,0,0,0,0,0,0,0,0.5,0,0,0,0,0,0.5,0,0,0,0,0,10.5,0,12.5,0,13.5,0,0,0,0,0.5,0,0,0,0,0,0,0,0,0,3,0,0,0,0,0,1.5,0.5,1.5,0,0,0.5,0,0,0,0,0,0,0,15,0,0,3,0,0,0,2,0,0,0,21,0,5.5,0,0,0,0,0.5,0,0,0,0,0.5,0,0,0,0,0,0,4,0,0,15,0,0,0,21,112.5,-0.2751764142258,-0.343781317938471,-0.259219912229895,-0.184466289169344,-0.230331777045163,0.36797733110349,0.429806757849661,0.216122399837276,0.335549825933587,0.254466912455063,0.643153745329291,0.773588075788131,0.475342312067171,0.520016115102931,0.484798689500227,-0.0175800030574978,0.0297627308507201,-0.115351598261269,0.0225600217827756,-0.00477251645376283,0.233821,0.92913,0.57497,0.738511853443431,0.642056258371804,0.488230105515803
"2010Navajas",4,"Navajas",23.44524538,-109.4178619,100,10,0,0,0,0,0,0,0,0,0,0,0,0.3,0,3,0,0,0,4.3,0,0.4,0.5,0.1,0,0,0,10.7,0,11.8,0.5,0,0,0,0.9,0,0,0,0,0,0,0,0,0,0,1.8,4.3,0,0,0,0,0,1.5,0,1.5,0.1,0,0,0,0,0,0,0,0,0,0,0,0,0.4,0,0,0,0.5,0,0,0,1.2,0,3.2,0.1,0,0.4,0.6,0.1,0.5,0,0,0,1.2,0,0,0,2.7,0.6,2.9,3.1,0,0.3,115.4,0,0,0.6,32,175.5,-0.31526204966462,-0.347931600486176,-0.259219912229895,-0.254884704764505,-0.230331777045163,0.21846976198706,0.429806757849661,0.28776786942295,0.335549825933587,0.254466912455063,0.53373181165168,0.777738358335837,0.546987781652845,0.590434530698092,0.484798689500227,-0.0299488227485804,0.18489730729806,-0.177045127897397,-0.079426523759884,-0.0482815461351489,0.147291,0.95904,0.552076,0.416056884142849,0.628704807259018,0.513113519923098
"2011Bajo",5,"Bajo",23.45780716,-109.405278,200,12,0,0,0,0.25,0,1.041666667,0,0,1.875,1.666666667,0,1.083333333,0,6.625,0,0,0,1.375,0,33.08333333,0.208333333,0,0,0,0,74.58333333,0,8.416666667,0,4.083333333,0,0,0.25,0,0,0,0,0,0,0,0,0,0,0.291666667,6.208333333,0,0.125,0,0,0,2.708333333,0,0.25,0.041666667,0,5.75,0,0,0,0.333333333,0.833333333,0,0,1.458333333,0.125,0,2.25,0,0,0,0.625,0,0,0,7.791666667,0.125,9.875,0.208333333,0,0.041666667,0,0.416666667,0.25,0,0,0,0.041666667,0,0,0,1.333333333,0,0.958333333,1.458333333,0,0,75.75,0,0,0,38,253.791666659,-0.31526204966462,-0.363571461394881,-0.263762437448512,-0.275454082949749,-0.230331777045163,0.36797733110349,0.429806757849661,0.247516814136892,0.335549825933587,0.254466912455063,0.683239380768111,0.793378219244542,0.511279251585404,0.611003908883336,0.484798689500227,0.0548756873462894,0.224676296021341,-0.160166487672787,-0.0437168058599796,-0.0255450428230893,0.41583,0.967094,0.439906,0.580189996705027,0.709734234309733,0.466192104768006
"2011Cantil",5,"Cantil",23.43973468,-109.4111893,200,12,0,0,0,0,0,0.041666667,0,0,0,0,0,0.041666667,0,3.458333333,0,0,0,2.416666667,0,23.70833333,0.375,0,0,0,0,17.58333333,0,8.125,0,0,0.041666667,0,0,0,0.166666667,0,0,0,0,0,0,0,0,0.416666667,2.333333333,0,0,0,0,0,1.75,0.041666667,0.083333333,0.208333333,0,0,0,0,0,0,0,0,0,0,0,0,2.375,0,0,0,0.958333333,0,0,0,0.041666667,0,10.70833333,0.208333333,0,0.083333333,0.041666667,0,0.583333333,0,0,0,0.083333333,0,0,0,5.416666667,0,7.25,1.666666667,0,0.166666667,122.9166667,0,0,0.291666667,31,213.583333358,-0.31526204966462,-0.343781317938471,-0.259219912229895,-0.254884704764505,-0.230331777045163,0.21846976198706,0.429806757849661,0.28776786942295,0.335549825933587,0.254466912455063,0.53373181165168,0.773588075788131,0.546987781652845,0.590434530698092,0.484798689500227,0.00385838409701385,0.207538007484643,-0.162095156662306,-0.0853090816587258,-0.0278314729695137,0.201372,0.977941,0.398326,0.452903835726904,0.648599362424289,0.496753752952129
"2011Chopitos-Casitas",5,"Chopitos-Casitas",23.40370307,-109.4168574,400,24,0,1.697916667,0,0.114583333,0,0.020833333,0.010416667,0.020833333,0,0,0,0.0625,0.020833333,1.302083333,0,0,0,1.229166667,0.052083333,1.354166667,0.125,0,0,0,0,8.739583333,0,1.947916667,0.020833333,0.072916667,0,0,0.104166667,0,0.458333333,0,0,0,0,0,0,0.104166667,0,0.40625,1.822916667,0,0.114583333,0.041666667,0,0,0.09375,0,0.15625,1.177083333,0,0,0,0,0,0,0.385416667,0,0.020833333,0.46875,0,0,0.083333333,0,0,0,0.520833333,0,0,0,0.510416667,0,2.84375,0.010416667,0,0.020833333,0.46875,0,0.46875,0,0,0,0.322916667,0,0,0,1.010416667,0,4.270833333,0.3125,0,0.9375,22.875,0,0,0.260416667,44,57.0625,-0.31526204966462,-0.347931600486176,-0.263762437448512,-0.254884704764505,-0.230331777045163,0.40199144481392,0.429806757849661,0.28776786942295,0.335549825933587,0.254466912455063,0.717253494478541,0.777738358335837,0.551530306871462,0.590434530698092,0.484798689500227,-0.0279442274807079,0.189122651375919,-0.134615367595718,-0.0460114768083809,-0.0230119257188437,0.455036,0.939966,0.476475,0.57875643210125,0.646822174107646,0.429421790534691
"2011Cien-Esperanza",5,"Cien-Esperanza",23.42463328,-109.4067111,200,8,0,0,0,0,0,0,0,0,1.3125,4.0625,0,0.6875,0,9.0625,0,2.5,0,0.4375,0.9375,11.9375,0.4375,0,0,0,0,12.6875,5.3125,0.5,0,0,0,0,0.0625,0,0,0,0,0,0,0,0,28.125,0,0,2.4375,0,0,0,0,0,1.0625,0,0.5,0,0,15,0,6.25,0,0.3125,0,0,0,13.75,0.375,0,2.4375,0,0,0,0,0,0,0,4.9375,0,1.9375,0,0,0,0.25,0.125,0,0,0,0,0,0,0,0,0,0,0,0.875,0,0,3.1875,0,0,0,29,131.5,-0.305939776822796,-0.363571461394881,-0.259219912229895,-0.322253001899466,-0.230331777045163,0.40199144481392,0.429806757849661,0.28776786942295,0.335549825933587,0.254466912455063,0.707931221636716,0.793378219244542,0.546987781652845,0.657802827833053,0.484798689500227,0.153398233805548,-0.0260790920333143,-0.0716925578869345,-0.0155488925766296,0.0500146813644326,0.418026,0.941896,0.469118,0.760900176181191,0.698864532947538,0.424128303141858
"2011Frailes-Lobera",5,"Frailes-Lobera",23.38204,-109.414745,200,12,0,0.083333333,0,0.125,0,0.375,0,0,0,0,0,0.166666667,0,3.875,0,0,0,2.208333333,12.5,5.375,0.25,0,0,0,0,17.75,0,1.833333333,0.083333333,0.083333333,0,20.83333333,0.25,0,0.041666667,0,0.041666667,0,0,0,0.041666667,0,0,0.833333333,3.041666667,0,0.083333333,0,0,0,0.291666667,0,0.583333333,1.458333333,0,0.041666667,0,0,0,0,3.208333333,0,0.041666667,2.458333333,0,0,0.541666667,0,0,0,1.333333333,0,0,0,1.875,0,6.875,0,0,0,0,0.041666667,1.041666667,0,0,0,0.125,0,0,0,1.375,0,9.75,0.5,0,0.708333333,58.875,0.75,0,0.541666667,42,162.291666663,-0.31526204966462,-0.347931600486176,-0.263762437448512,-0.184466289169344,-0.230331777045163,0.543072862157547,0.429806757849661,0.220412565336826,0.335549825933587,0.254466912455063,0.858334911822167,0.777738358335837,0.484175002785338,0.520016115102931,0.484798689500227,0.0874525827583277,0.140536877931256,-0.113989493535152,-0.0465701686340076,-0.0217663730373794,0.458939,0.960416,0.429461,0.720411912607152,0.707960498616574,0.43592428140198
"2011Morros",5,"Morros",23.4616989,-109.4067642,200,12,0,0,0,0.041666667,0,1.041666667,0.041666667,0,0,0,0,0.458333333,0,4.375,0.125,0,0,0.625,43.75,33.29166667,0.041666667,0,0.416666667,0,0,10.83333333,0,3.958333333,0,1.291666667,0.041666667,0,0.75,0,0.083333333,0,0,0,0,0,0,0,0,0,7.625,0,0.041666667,0,0,0,1.541666667,0,0.333333333,0,0,39.375,0,0,0,0.458333333,0,0,0,6.25,0.625,0,1.666666667,0,0,0,0.333333333,0,0,0,3.041666667,0,3.166666667,0.291666667,0,0.125,0.083333333,0.416666667,0.041666667,0,0,0,0.041666667,0,0,0,1.125,0,0,0.625,0,0,36.875,0,0,0,38,205.250000003,-0.31526204966462,-0.363571461394881,-0.259219912229895,-0.254884704764505,-0.230331777045163,0.40199144481392,0.429806757849661,0.28776786942295,0.335549825933587,0.254466912455063,0.71725349447854,0.793378219244542,0.546987781652845,0.590434530698092,0.484798689500227,0.18713862905656,0.103591022801059,-0.0624399397007736,-0.0182049059842721,0.0275280334176377,0.494382,0.960412,0.465293,0.721594270616187,0.716160020628687,0.32567422425283
"2011Navajas",5,"Navajas",23.44524538,-109.4178619,100,6,0,0,0,0,0,1.833333333,0,0,0.833333333,5,0,0.5,0.5,2.5,0,0,0,5.333333333,0,14.5,0,0,0,0,0,7.5,0,14.83333333,0,0.166666667,0,0,0.833333333,0,0.166666667,0,0,0,0,0,0,17.5,0,1,0.833333333,0,0,0.166666667,0,0,3.833333333,0,0.666666667,6,0,0.666666667,0,0,0,0,67.83333333,0,1,33.33333333,0,0,0.166666667,0,0,0,5.5,0,0,0,6.333333333,0,23,1,0,0.833333333,4.666666667,2.166666667,1.666666667,0,0,0,0,0,0,0,5.5,0,14.66666667,1,0,0.333333333,184.5,0,0,1.333333333,39,439.999999993,-0.31526204966462,-0.347931600486176,-0.263762437448512,-0.275454082949749,-0.230331777045163,0.36797733110349,0.429806757849661,0.28776786942295,0.335549825933587,0.254466912455063,0.683239380768111,0.777738358335837,0.551530306871462,0.611003908883336,0.484798689500227,0.0259488252595083,0.0746818759846899,-0.157201844904928,-0.0337010073423772,0.00708047944146955,0.427211,0.977878,0.376468,0.665460212936929,0.644416402085267,0.493153393462345
"2011Tachuelas",5,"Tachuelas",23.49104994,-109.4619083,200,12,0,2.958333333,0,0,0,0.333333333,0,0,0,0,0,0.5,0.416666667,2.166666667,0,0,0,3.458333333,4.583333333,0.458333333,0.75,0,0,0,0,15.91666667,0,5.083333333,0,0,0,0,1.208333333,0,0,0,0,0,0,0,0,0,0,0.333333333,2.25,0,0.166666667,0,0,0,1,0,1.25,0.166666667,0,0,0,0,0,0,0.541666667,0,0.166666667,2.083333333,0,0,0.5,0,0,0,1.041666667,0,0,0,1.208333333,0,5.833333333,0.083333333,0.041666667,0,0,0,0.416666667,0,0.625,0,0.25,0,0,0,2.791666667,0,16.33333333,0.958333333,0,0.541666667,76.91666667,0,0,0.083333333,36,153.416666669,-0.31526204966462,-0.347931600486176,-0.263762437448512,-0.254884704764505,-0.230331777045163,0.422709258904421,0.429806757849661,0.220412565336826,0.335549825933587,0.254466912455063,0.737971308569042,0.777738358335837,0.484175002785338,0.590434530698092,0.484798689500227,-0.0288430975310686,0.184006410393533,-0.147894377223128,-0.0514956100024191,-0.0305607407829243,0.354138,0.965538,0.604847,0.549691762634187,0.653008324854694,0.440346283753416
"2012Bajo",6,"Bajo",23.45780716,-109.405278,200,10,0,0,0,0,0,0.05,0.05,0,0,0,0,0.65,0.85,2.7,0,0,0,0.85,0,3.4,0.05,0.1,0,0,0,38.1,0.5,8.3,0,2.2,0,0,0.6,0,0,0,0,0,0,0.2,0,0.05,0,0.1,0.05,0,0,0,0,0,1.65,0.05,0.25,0,0,0,0,0,0,0,1,0,0,0,0,0,0.45,0,0,0,0.4,0,0,0,0.95,0.05,3.05,0.05,0,0,0.1,0,0,0,0,0,0,0,0,0,0.4,0,0,0.3,0.05,0,14.2,0,0,0,33,81.75,-0.31526204966462,-0.347931600486176,-0.263762437448512,-0.254884704764505,-0.230331777045163,0.29240623710853,0.429806757849661,0.28776786942295,0.335549825933587,0.254466912455063,0.60766828677315,0.777738358335837,0.551530306871462,0.590434530698092,0.484798689500227,0.051301899116302,0.260654139261707,-0.181683789992774,0.00902895254003802,-0.0382810095204725,0.35229,0.972432,0.542553,0.577115591558898,0.754987310912324,0.503187996366494
"2012Cantil",6,"Cantil",23.43973468,-109.4111893,100,4,0,0,0,0,0,0,0,0.25,0,0,0,0.25,0,1,0,0,0,5.25,0,0,0,0,0,0,0,8.25,0,12.5,0,0,0,0,0,0,0.25,0,0,0,0,0,0,0,0,0,2.25,0,0,0,0,0,0,0,0,0,0,0,0,0,0,0,0,0,0,0,0,0,0.25,0,0,0,1,0,0,0,0,0,3,0,0,0,0,0,0,0,0,0,1.25,0,0,0,0.75,0,1.25,0.25,0,0,108.75,0,0,0,16,146.5,-0.31526204966462,-0.257064319486272,-0.259219912229895,-0.16416778670685,-0.230331777045163,0.197256953918577,0.429806757849661,0.257339752763666,0.335549825933587,0.254466912455063,0.512519003583198,0.686871077335933,0.516559664993562,0.499717612640437,0.484798689500227,-0.0231468054092787,0.198123501469041,-0.197253848809163,-0.0850202272699762,-0.0567432569346592,0.077259,0.980094,0.472466,0.355978717410671,0.643849571401569,0.553791972991812
"2012Chopitos-Casitas",6,"Chopitos-Casitas",23.40370307,-109.4168574,400,17,0.147058824,0.205882353,0.014705882,0.044117647,0,0,0.014705882,0,0,0,0,0.117647059,0.191176471,0.558823529,0,0,0,0.882352941,0,0.485294118,0.073529412,0,0,0,0,6.25,0.073529412,1.691176471,0.044117647,0.058823529,0,0,0.044117647,0,0,0,0,0,0,0.191176471,0,0.147058824,0,0.367647059,0.617647059,0.323529412,0.176470588,0,0.044117647,0,0.044117647,0,0.088235294,0.102941176,0,0.044117647,0,0.014705882,0,0,0.411764706,0,0.088235294,0.147058824,0,0,0,0,0,0,0.191176471,0,0,0,0.852941176,0,1.25,0,0,0.014705882,0.088235294,0.073529412,0.088235294,0,0,0,0.058823529,0,0,0,0.279411765,0,1.661764706,0.044117647,0,0.794117647,7.470588235,0,0,0.102941176,46,26.676470588,-0.31526204966462,-0.347931600486176,-0.263762437448512,-0.322253001899466,-0.166508132765428,0.36797733110349,0.429806757849661,0.28776786942295,0.335549825933587,0.254466912455063,0.683239380768111,0.777738358335837,0.551530306871462,0.657802827833053,0.420975045220491,-0.0259476610601819,0.186901613434225,-0.138608801945929,-0.00664053123028804,-0.0241776055645275,0.381772,0.928439,0.53944,0.639317316023336,0.666104463526295,0.421481974988728
"2012Cien-Esperanza",6,"Cien-Esperanza",23.42463328,-109.4067111,300,11,0,0,0,0,0,0,0.03030303,0,0.060606061,0,0,0.757575758,0.181818182,1.121212121,0,0,0,0.484848485,0.303030303,11.81818182,0.363636364,0,0,0,0,11.36363636,0.757575758,1.484848485,0,0.060606061,0,0,0.060606061,0,0,0,0,0,0,0,0,0,0,0,0.545454545,0,0,0,0,0,0.363636364,0.03030303,0.515151515,0,0,0.060606061,0,0,0,0,5.606060606,0,0,0,0.151515152,0,1.03030303,0.03030303,0,0,0.090909091,0,0,0,6.03030303,0,1.242424242,0,0,0,0,0.090909091,0,0,0,0,0.151515152,0,0,0,0.090909091,0,0,0.181818182,0.090909091,1.636363636,1.393939394,0,0,0,33,48.181818182,-0.31526204966462,-0.347931600486176,-0.263762437448512,-0.275454082949749,-0.230331777045163,0.40199144481392,0.429806757849661,0.247516814136892,0.335549825933587,0.254466912455063,0.71725349447854,0.777738358335837,0.511279251585404,0.611003908883336,0.484798689500227,0.0700429301165597,0.16961464568639,-0.117285200401059,0.0352623724115141,-0.0217243355137717,0.412362,0.925685,0.450412,0.697669390007911,0.688040267143508,0.366843966287779
"2012Frailes-Lobera",6,"Frailes-Lobera",23.38204,-109.414745,100,4,0,0,0.75,0,0,0,0,0,0,0,0,0.75,0.25,6.25,0,0,0,5.75,12.5,1.5,1.25,1.25,0,0,0,52.5,0,10.75,1.25,0.25,0,0,2.5,0,0,0,0,0,0,1.25,0,0,0,4.25,0.5,0,0,0,1.25,0,3,0,5.5,7.25,0,0.5,0,0,0,0.5,50,0,0.75,0,0,0,0.5,0,0,0,5.75,0,0,0,4,0,14.75,0,0.25,0,0,2.25,1.5,0,0.5,0,0,0,0,0,7.25,0,17.25,1,0,2,32.75,0,0,1.25,39,263.25,-0.31526204966462,-0.363571461394881,-0.263762437448512,-0.16416778670685,-0.230331777045163,0.422709258904421,0.429806757849661,0.220412565336826,0.335549825933587,0.254466912455063,0.737971308569042,0.793378219244542,0.484175002785338,0.499717612640437,0.484798689500227,0.020199562307304,0.120949615697724,-0.122994247184358,0.0482012647859184,-0.00349959900413394,0.426024,0.942798,0.504602,0.737862618818268,0.676173012544852,0.359121063080365
"2012Rodadero-Gavilanes",6,"Rodadero-Gavilanes",23.45180247,-109.4260018,100,4,5,0,0.25,2.25,0.5,0,0,0,0.25,0,0,0.5,0.75,6.5,0,0,0,12,0,1,3.25,2.5,0,0,0,18.75,0,7.25,0.75,0.25,0,0,1.5,0,0.25,0,0,0,0,0,0,0,0,8,4.75,0.5,2.5,0,4.25,0,3.5,0,12.75,4.75,0,3.75,0,0,0,2.5,0,0,6.5,12.5,0,0,0.75,0,0,0,0,0,0,0,6.5,0,14.5,1,0,0.75,3.75,3.5,1,0,1.5,0,0,0,0,0,3,0,10.75,0.5,0,3.75,53,0,0,0,44,234,-0.31526204966462,-0.363571461394881,-0.259219912229895,-0.275454082949749,-0.230331777045163,0.422709258904421,0.429806757849661,0.28776786942295,0.335549825933587,0.254466912455063,0.737971308569042,0.793378219244542,0.546987781652845,0.611003908883336,0.484798689500227,-0.0478692277436749,0.109577900379296,-0.0745821240056829,-0.023878907031927,0.00645978657907765,0.495466,0.884421,0.46357,0.655661327266187,0.598870028223296,0.375712201781507
"2012Islote",6,"Islote",23.40785035,-109.413471,200,10,0,1.2,0,0,0.2,0,0,0,0.05,0.05,0,0.35,0.15,4.05,0,0,0,1,0,10.95,0.05,0,0,0,0,43.5,0,2.65,0,0.05,0,0,0.15,0,0,0,0,0,0,0,0,0,0,0.25,1.4,1.1,0.3,0,0,0,1.75,0,2.9,0.5,0,1.05,0,0,0,0,0,0,0,0,0.15,0,0.1,0.05,0,0,0.65,0,0,0,1.55,0,3.65,0.05,0,0,0.4,1.45,0.05,0,0,0,0,0,0,0,0.2,0,1.25,0,0,0,5.25,1.1,0,0,36,89.55,-0.31526204966462,-0.347931600486176,-0.259219912229895,-0.275454082949749,-0.230331777045163,0.40199144481392,0.429806757849661,0.28776786942295,0.335549825933587,0.254466912455063,0.717253494478541,0.777738358335837,0.546987781652845,0.611003908883336,0.484798689500227,0.071487274759756,0.284902703316308,-0.147939310072907,-0.00431721045476768,-0.01937622126014,0.404062,0.945464,0.355543,0.55599051168896,0.750037400189552,0.419822107864448
"2012Morros",6,"Morros",23.4616989,-109.4067642,200,8,0,0,0.3125,0.5,0,0,0,0,0,0,0,0.25,0.9375,1.5,0,0,0,2.1875,14.0625,8.9375,0.3125,0,0,0,0,101.875,0,12.125,0,0.3125,0,0,0.375,0,0.125,0,0,0,0,0.9375,0,0.1875,0,0.125,2.125,0,1.6875,0,0,0,1.3125,0,0.375,0.0625,0,4.375,0,0,0,0,0,0,0,18.75,0.1875,0,0.625,0.125,0,0,1.9375,0,0,0,2.1875,0,2.75,0.0625,0,0.3125,0.5625,0.5625,0.125,0,0,0,0.4375,0,0,0,1.5,0,0.9375,0.0625,0,0,6.0625,0,0,0,40,192.1875,-0.31526204966462,-0.347931600486176,-0.259219912229895,-0.254884704764505,-0.230331777045163,0.40199144481392,0.429806757849661,0.28776786942295,0.335549825933587,0.254466912455063,0.717253494478541,0.777738358335837,0.546987781652845,0.590434530698092,0.484798689500227,0.10511985377147,0.248692980942495,-0.17039132827463,0.014665802862683,-0.0134513996053845,0.455428,0.976897,0.456226,0.65830158360466,0.802016138939252,0.486298424268393
"2012Navajas",6,"Navajas",23.44524538,-109.4178619,100,6,0,0,0,0,0,0,0,0,0,0,0,0.166666667,0,0.333333333,0,0,0,0.666666667,0,0,0,0,0,0,0,0,0,5.666666667,0,0,0,0,0,0,0,0,0,0,0,0,0,0,0,0,1.666666667,0,0,0,0,0,0.166666667,0,0,0,0,0,0,0,0,0,0,0,0,0,0,0,0,0,0,0,0.666666667,0,0,0,0,0,1,0,0,0,0,0,0,0,0,0,0,0,0,0,0.833333333,0,13.83333333,0,0,0,30.33333333,0,0,0.5,12,55.833333328,-0.31526204966462,-0.0420914395836403,-0.230115550015387,-0.16416778670685,-0.166508132765428,0.0714390808949641,0.229356287758008,0.140473642579203,0.335549825933587,0.254466912455063,0.386701130559585,0.271447727341649,0.37058919259459,0.499717612640437,0.420975045220491,-0.102485947798302,0.155668040521703,-0.136940148769064,-0.0228704381035423,-0.0241435159474841,0.010924,0.966724,0.501429,0.552401676264631,0.621626574800985,0.423128502220218
"2012Tachuelas",6,"Tachuelas",23.49104994,-109.4619083,200,8,0,4.5,0,0,0,0,0,0,0.0625,0,0,0.0625,1.25,0.4375,0,0,0,4.375,0,0.5,0.1875,3.625,0,0,0,5.9375,0,0.25,0.0625,0.1875,0,0,0.625,0,0.0625,0,0,0,0,0,0,0,0,1.3125,0,0.8125,1.125,0.5625,0.625,0,1.0625,0,3.125,0.1875,0,2.8125,0,0,0,0,0.3125,0,0,2.3125,0,0,0,0,0,0,1.375,0,0,0,0,0.3125,3.5625,0,0,0.25,0.3125,0.4375,0.25,0,0,0,0.125,0.0625,0,0,2,0,5.125,0.0625,0,0.3125,12.3125,0,0,0,40,62.875,-0.31526204966462,-0.347931600486176,-0.263762437448512,-0.275454082949749,-0.225895703578397,0.36797733110349,0.429806757849661,0.28776786942295,0.335549825933587,0.254466912455063,0.683239380768111,0.777738358335837,0.551530306871462,0.611003908883336,0.48036261603346,-0.0418259956089925,0.136797512172158,-0.105394074086367,-0.014978053483047,0.00921571174185472,0.349798,0.914736,0.420529,0.637718961006333,0.620763458127074,0.333799172856116
"2013Bajo",7,"Bajo",23.45780716,-109.405278,200,7,0,0,0,0,0,0,0,0,0,0,0,0,0,0,0,0,0,0,0,0,0,0,0,0,0,0,0,13.64285714,0,0,0.285714286,0,0,0,0,0,0,0,0,0,0,0,0,0,0,0,0,0,0,0,0,0,0,0,0,0,0,0,0,0,0,0,0,0,0,0,0,0,0,0,2.428571429,0,0,0,6.928571429,0,0,0,0,0,0,0,0,0,0,0,0.785714286,0,0,0,1.428571429,0,1.571428571,0,0,0,0,0,0,0,7,27.07142857,-0.31526204966462,-0.294838317941769,-0.145959710974313,-0.140391029414324,-0.12247990070148,0.0025595330252154,0.115717117348902,0.0182711792077906,0.335549825933587,0.0477427774321373,0.317821582689836,0.410555435290671,0.164230890182103,0.475940855347911,0.170222678133617,-0.098276661776723,0.0694812959270232,-0.0724409436247945,0.262724347948641,-0.0366788050148119,8.2e-05,0.799418,0.388929,0.381151225754865,0.621650178574653,0.55176239498277
"2013Cantil",7,"Cantil",23.43973468,-109.4111893,200,6,0,0,0,0,0,0,0,0,0,0,0,0,0,0,0,0,0,2.416666667,0,0,0,0,0,0,0,0,0,9.583333333,0,0,0.25,0,0,0,0,0,0,0,0,0,0,0,0,0,0,0,0,0,0,0,0,0,0,0,0,0,0,0,0,0,0,0,0,0,0,0,0,0,0,0,2,0,0.083333333,0,4.25,0,0,0,0,0,0,0,0,0,0,0,0,0,0,0,4.916666667,0,1.583333333,0,0.083333333,0,0,0,0,0,9,25.166666666,-0.31526204966462,-0.309772270332159,-0.145959710974313,-0.140391029414324,-0.12247990070148,0.0025595330252154,0.115717117348902,0.0182711792077906,0.335549825933587,0.0477427774321373,0.317821582689836,0.425489387681061,0.164230890182103,0.475940855347911,0.170222678133617,-0.157027846460092,0.0753109060117442,-0.0572103492424741,0.221418276516846,-0.0249862059770235,0.001172,0.779827,0.200851,0.437515872620172,0.625744040725094,0.421513192125686
"2013Chopitos-Casitas",7,"Chopitos-Casitas",23.40370307,-109.4168574,400,11,0,0,0,0,0,0,0,0,0,0,0,0,0,0,0,0,0,1.295454545,0,0,0,0,0,0,0,0,0,2.727272727,0.045454545,0,0.022727273,0,0,0,0,0,0,0,0,0,0,0,0,0,0,0,0,0,0,0,0,0,0,0,0,0,0,0,0,0,0,0,0.454545455,0,0,0,0,0,0,0,0.386363636,0,0,0,0.931818182,0,0,0,0,0,0,0,0,0,0,0,0.454545455,0,0,0,1.204545455,0,2.795454545,0,0,0,0,0,0,0,10,10.318181818,-0.31526204966462,-0.294838317941769,-0.145959710974313,-0.140391029414324,-0.12247990070148,0.0025595330252154,0.115717117348902,0.156323725624379,0.335549825933587,0.0618817228928593,0.317821582689836,0.410555435290671,0.302283436598692,0.475940855347911,0.184361623594339,-0.198576382917999,0.0766794020589641,-0.0318488405706224,0.190899321341768,-0.0112944767146031,0.001398,0.80523,0.450841,0.411869861052799,0.615256396344192,0.309787169379187
"2013Frailes-Lobera",7,"Frailes-Lobera",23.38204,-109.414745,200,4,0,0,0,0,0,0,0,0,0,0,0,0,0,0,0,0,0,1,0,0,0,0,0,0,0,0,0,5.625,0,0,0,0,0,0,0,0,0,0,0,0,0,0,0,0,0,0,0,0,0,0,0,0,0,0,0,0,0,0,0,0,0,0,0,0,0,0,0,0,0,0,0.875,0,0,0.125,4.375,0,0,0,0,0,0,0,0,0,0,0,0,0,0,0,2.375,0,12.375,0,0,0,0,0,0,0,7,26.75,-0.31526204966462,-0.285654571302236,-0.200164005020943,-0.105324287392798,-0.12247990070148,0.0025595330252154,0.115717117348902,0.0182711792077906,0.335549825933587,0.0477427774321373,0.317821582689836,0.401371688651138,0.218435184228733,0.440874113326385,0.170222678133617,-0.217521174067356,0.075268604899881,-0.0230959566477478,0.187113118792635,-0.000896650628270813,0.000207,0.760155,0.286618,0.381263317989398,0.621764536643484,0.243523906773202
"2013Rodadero-Gavilanes",7,"Rodadero-Gavilanes",23.45180247,-109.4260018,200,5,0,0,0,0,0,0,0,0,0,0,0,0,0,0,0,0,0,5.7,0,0,0,0,0,0,0,0,0,6.9,0.1,0,0,0,0,0,0,0,0,0,0,0,0,0,0,0,0,0,0,0,0,0,0,0,0,0,0,0,0,0,0,0,0,0,0.1,0,0,0,0,0,0,0,0.1,0,0,0,3.6,0,0,0,0,0,0,0,0,0,0,0,0.4,0,0,0,5.8,0,16.4,0,0,0,0,0,0,0,9,39.1,-0.31526204966462,-0.0529864516806521,-0.145959710974313,0.0677703667741335,-0.12247990070148,0.0025595330252154,0.115717117348902,0.156323725624379,0.335549825933587,0.0618817228928593,0.317821582689836,0.168703569029554,0.302283436598692,0.267779459159454,0.184361623594339,-0.239002397036762,0.0812868364922724,-0.0209115435858831,0.17240931278523,-0.0027749817613227,0.000156,0.94184,0.336194,0.346696715209021,0.625659135284299,0.202467161273303
"2013Islote",7,"Islote",23.40785035,-109.413471,200,8,0,0,0,0,0,0,0,0,0,0,0,0,0,0,0,0,0,1.75,0,0,0,0,0,0,0,0,0,4.75,0,0,0.0625,0,0,0,0,0,0,0,0,0,0,0,0,0,0,0,0,0,0,0,0,0,0,0,0,0,0,0,0,0,0,0,0,0,0,0,0,0,0,0,1.1875,0,0,0,4.875,0,0,0,0,0,0,0,0,0,0,0,0,0,0,0,0.375,0,2.3125,0,0,0,0,0,0,0,7,15.3125,-0.31526204966462,-0.294838317941769,-0.145959710974313,-0.140391029414324,-0.12247990070148,0.0025595330252154,0.115717117348902,0.0182711792077906,0.335549825933587,0.0477427774321373,0.317821582689836,0.410555435290671,0.164230890182103,0.475940855347911,0.170222678133617,-0.155890888154222,0.0640155174702329,-0.0475389183105983,0.228370209525194,-0.047634305405867,0.000167,0.740707,0.31619,0.396785816250236,0.613848579273371,0.387324232537507
"2013Morros",7,"Morros",23.4616989,-109.4067642,200,8,0,0,0,0,0,0,0,0,0,0,0,0,0,0,0,0,0,0,0,0,0,0,0,0,0,0,0,8.3125,0,0,0.0625,0,0,0,0,0,0,0,0,0,0,0,0,0,6.25,0,0,0,0,0,0,0,0,0,0,0,0,0,0,0,0,0,0,0,0,0,0,0,0,0,0.9375,0,0,0,4.0625,0,0,0,0,0,0,0,0,0,0,0,0.125,0,0,0,0.8125,0,0.25,0,0,0,0,0,0,0,8,20.8125,-0.31526204966462,-0.294838317941769,-0.145959710974313,-0.140391029414324,-0.12247990070148,0.0025595330252154,0.115717117348902,0.0182711792077906,0.335549825933587,0.0477427774321373,0.317821582689836,0.410555435290671,0.164230890182103,0.475940855347911,0.170222678133617,-0.11849421349839,0.0514176503912489,-0.071142472879506,0.171816544142325,-0.0314799159165665,0.000283,0.860211,0.492088,0.488025176776382,0.562208388486121,0.424782286997628
"2013Navajas",7,"Navajas",23.44524538,-109.4178619,200,6,0,0,0,0,0,0,0,0,0,0,0,0,0,0,0,0,0,0.916666667,0,0,0,0,0,0,0,0,0,5.333333333,0.25,0,0,0,0,0,0,0,0,0,0,0,0,0,0,0,0,0,0,0,0,0,0,0,0,0,0,0,0,0,0,0,0,0,2.333333333,0,0,0,0,0,0,0,2.583333333,0,0,0,1.833333333,0,0,0,0,0,0,0,0,0,0,0,0.583333333,0,0,0,1.916666667,0,8.583333333,0,0,0,0,0,0,0,9,24.333333332,-0.31526204966462,-0.0529864516806521,-0.145959710974313,0.0677703667741335,-0.12247990070148,0.0025595330252154,0.115717117348902,0.156323725624379,0.335549825933587,0.0618817228928593,0.317821582689836,0.168703569029554,0.302283436598692,0.267779459159454,0.184361623594339,-0.211133381525753,0.07447350256057,-0.015257106291854,0.173472923861846,0.00607361062369323,0.000156,0.89848,0.51815,0.377552217659842,0.598730940972006,0.286342025047383
"2013Tachuelas",7,"Tachuelas",23.49104994,-109.4619083,200,7,0,0,0,0,0,0,0,0,0,0,0,0,0,0,0,0,0,2.214285714,0,0,0,0,0,0,0,0,0,7.357142857,0.071428571,0,0,0,0,0,0,0,0,0,0,0,0,0,0,0,0,0,0,0,0,0,0,0,0,0,0,0,0,0,0,0,0,0,0.071428571,0,0,0,0,0,0,0,1.142857143,0,0,0,0.428571429,0,0,0,0,0,0,0,0,0,0,0,0.571428571,0,0,0,1.928571429,0,15.92857143,0,0.142857143,0,0,0,0,0,10,29.857142858,-0.31526204966462,-0.309772270332159,-0.145959710974313,0.0677703667741335,-0.12247990070148,0.0025595330252154,0.115717117348902,0.156323725624379,0.335549825933587,0.0618817228928593,0.317821582689836,0.425489387681061,0.302283436598692,0.267779459159454,0.184361623594339,-0.225764961900961,0.0862893776759986,-0.0283546410661922,0.177215840084187,0.0130241109443144,0.00128,0.923812,0.50023,0.37102621904121,0.627885115646192,0.255989656686048
"2014Bajo",8,"Bajo",23.45780716,-109.405278,100,8,0,0,0,8.125,0,15.875,0,0,0,0,0,1.125,0.625,28.625,0,0,0,0,0,40.75,0,0,0,0,0,65,0,16.875,0,1.5,0,0,0.625,0,0,0,0,0,0,0,0,0,0,0.625,6,0,0,0,0,0,4.625,0.125,0.125,0.5,0,0,0,0,0,0,39,0,0,2.5,0,0,7.25,0,0,0,3.25,0,0,0,1.25,0,9.625,0.125,0,0,0.25,0.75,0.125,0,0,0,0.75,0,0,0,11.5,0.125,4.625,4.375,0,0,138.875,0,0,0,32,415.5,-0.31526204966462,-0.347931600486176,-0.263762437448512,-0.254884704764505,-0.230331777045163,0.21846976198706,0.429806757849661,0.28776786942295,0.335549825933587,0.254466912455063,0.53373181165168,0.777738358335837,0.551530306871462,0.590434530698092,0.484798689500227,0.0213253635457181,0.15723873658448,-0.13680931111506,-0.0385276169134749,-0.0129674879987076,0.267805,0.932116,0.448495,0.637926352317894,0.656160793670294,0.441976381502909
"2014Cantil",8,"Cantil",23.43973468,-109.4111893,100,8,0,0,0,0,0,0,0,0,0,0,0,0.125,0.5,25.125,0,0,0,1,0,2.5,0,0,0,0,0,27.5,0,16.625,0.125,0,0,0,0.25,0,0,0,0,0,0,0,0,0,0,1.125,0,0,0,0,0,0,2.5,0,0.25,0,0,0,0,0,0,0,0,0,0,0,0,0,1.25,0,0,0,0,0,0,0,1.25,0,17.75,0,0,0,0.125,0,0.875,0,0,0,0.375,0,0,0,19.75,0,11.125,1.125,0,2,391.75,0,0,1.125,24,526.125,-0.31526204966462,-0.347931600486176,-0.259219912229895,-0.16416778670685,-0.230331777045163,0.21846976198706,0.429806757849661,0.28776786942295,0.335549825933587,0.254466912455063,0.53373181165168,0.777738358335837,0.546987781652845,0.499717612640437,0.484798689500227,-0.02410421117635,0.194423139481264,-0.1810464288831,-0.110127574021784,-0.0435286503130856,0.130857,0.980331,0.497004,0.344733492769874,0.633285838057278,0.52464462148646
"2014Frailes-Lobera",8,"Frailes-Lobera",23.38204,-109.414745,100,10,0.1,5.5,0,0.7,0,0.2,0,0,0,0,0,0.2,0,1.7,0,0,0,0.7,0,0,0.3,0,0,0,0,101,0.2,0.3,0,0,0,0,0.1,0,0,0,0.1,0,0,0,0.2,0,0,1,0.2,0,0,0,0,0,0.4,0,0.6,0.1,0,0.1,0,0,0,0,58.7,0,0.3,15.1,0,0,0.1,0,0,0,0.4,0,0,0,0.5,0,26.8,0,0,0.1,0.7,0,1.7,0,0,0,0,0,0,0,21.7,0,15.7,1.9,0,0.8,239.2,0,0,2.8,36,500.2,-0.31526204966462,-0.347931600486176,-0.263762437448512,-0.184466289169344,-0.230331777045163,0.36797733110349,0.429806757849661,0.28776786942295,0.335549825933587,0.254466912455063,0.683239380768111,0.777738358335837,0.551530306871462,0.520016115102931,0.484798689500227,0.0141671898084444,0.18193260599685,-0.198242088809156,-0.0478536700277307,-0.0217902243261518,0.293427,0.980428,0.463062,0.550472977810293,0.691303680390978,0.488774577619714
"2014Rodadero-Gavilanes",8,"Rodadero-Gavilanes",23.45180247,-109.4260018,100,10,1,0.1,0,1,0,0.6,0,0,0,0,0,0.4,0.6,0.4,0,0,0,2.2,0,0.2,0,0.1,0,0,0,46,0.2,5.3,0,0.2,0,0,1.1,0,0.1,0,0,0,0,0,0,0,0,1,2.1,0,1,0,0,0,0.6,0,0.1,0,0,0,0,0,0,0,12.9,0,0.5,0,0,0,0.4,0,0,0,0.8,0,0,0,2.5,0.1,9.8,0,0,0,0.2,0,0.2,0,0,0,0,0,0,0,11,0,16.2,27.1,0,1.8,113.8,0,0,0,35,261.6,-0.31526204966462,-0.347931600486176,-0.263762437448512,-0.16416778670685,-0.230331777045163,0.21846976198706,0.429806757849661,0.28776786942295,0.335549825933587,0.254466912455063,0.53373181165168,0.777738358335837,0.551530306871462,0.499717612640437,0.484798689500227,-0.0244012199139368,0.184921123335089,-0.169343901304948,-0.0465238901183916,-0.0207203741054193,0.243221,0.918504,0.442584,0.53399648386446,0.644030555370158,0.474337240258913
"2014Navajas",8,"Navajas",23.44524538,-109.4178619,100,8,0,0,0,0.375,0,0,0,0,3.75,0,0,0.875,0.125,4.75,0,0,0,1.25,0,0.375,0.125,0,0,0,0,31.625,0,7.5,0.125,0,0,0,1.25,0,0.375,0,0,0,0,0,5.625,12.5,0,0,0.5,0,0,0,0,0,3.25,0,1.5,0.625,0,0,0,0,0,0.375,114.375,0,2.625,26,0,0,0.25,0,0,0,0.5,0,0,0,0,0,39.125,0.875,0,0.125,0.375,0.625,1,0,0,0,0,0,0,0,14,0,5,1.75,0,0.375,202.75,0.25,0,2.625,38,489.5,-0.31526204966462,-0.363571461394881,-0.263762437448512,-0.275454082949749,-0.230331777045163,0.40199144481392,0.429806757849661,0.28776786942295,0.335549825933587,0.254466912455063,0.717253494478541,0.793378219244542,0.551530306871462,0.611003908883336,0.484798689500227,0.0402566888297431,0.075318051916055,-0.184202904187984,-0.0217293950643947,0.00659675666884699,0.458764,0.979256,0.516092,0.661455489402643,0.66089761893596,0.500836527425662
"2014Tachuelas",8,"Tachuelas",23.49104994,-109.4619083,100,8,0,0,0,0.625,0,0.125,0,0,0,0,0,0.875,0.625,9.25,0,0,0,2.25,0,0,1,0,0,0,0,16.375,0,10.125,0,0.125,0,0,2.375,0,0.375,0,0,0,0,0,0,0,0,1.125,0.75,0,0,0,0,0,2.125,0,2.125,0,0,0,0,0,0,0,41.625,0,0.25,0,0,0,0.125,0,0,0.125,1.375,0,0,0,4.25,0,6.875,0.25,0,0,0,0,0.375,0,0,0,1.375,0,0,0,10.125,0,26.5,4.25,0,1,220.5,0,0,0,31,369.25,-0.31526204966462,-0.347931600486176,-0.263762437448512,-0.254884704764505,-0.230331777045163,0.197256953918577,0.429806757849661,0.220412565336826,0.335549825933587,0.254466912455063,0.512519003583198,0.777738358335837,0.484175002785338,0.590434530698092,0.484798689500227,-0.0265746827336331,0.14105568204537,-0.178330982022068,-0.0546863817826863,-0.0359606097100873,0.207715,0.977097,0.552435,0.522566717931704,0.636230401018146,0.467079722504021
"2015Rodadero-Gavilanes",9,"Rodadero-Gavilanes",23.45180247,-109.4260018,100,3,0,0,0,0.666666667,0,0,0,0,0,0,0,1,7.666666667,2.666666667,0,0,0,8,0,0,0.333333333,0,0,0,0,18.33333333,0,11.66666667,0,0,0,0,1.333333333,0,0,0,0,0,0,0,0,0,0,0.666666667,1,0,0.333333333,0,0,0,1.333333333,0,0,0,0,0,0,0,0,0,0,0,0,5.333333333,0,0,5,0,0,0,0,0.333333333,0,0,3.666666667,0,2.666666667,0,0,0,0,0,1,0,0,0,0.666666667,0,0,0,3.666666667,2.333333333,14.33333333,6.666666667,0,4.666666667,58.33333333,0,0,0,26,163.666666661,-0.31526204966462,-0.347931600486176,-0.259219912229895,-0.184466289169344,-0.230331777045163,0.197256953918577,0.429806757849661,0.220412565336826,0.335549825933587,0.254466912455063,0.512519003583198,0.777738358335837,0.479632477566722,0.520016115102931,0.484798689500227,-0.0560339092959169,0.135752868416913,-0.122086116426306,-0.0263999546310462,-0.0311771738306151,0.151931,0.924267,0.528246,0.628687744161375,0.627315375152282,0.432803944262579
"2015Morros",9,"Morros",23.4616989,-109.4067642,100,3,0,0,0,1.333333333,0,0,0.666666667,0,1.333333333,0,0,10.66666667,2.666666667,16.33333333,0,0,0,0,106.6666667,90,1,0.666666667,0,0,0,126,0,122,0,2.666666667,4.333333333,0,1.666666667,1.333333333,0,0,0,0,0,3.333333333,0,0,0,12,0,0,0,0,0,0,9,0.333333333,5.666666667,0,0,8.666666667,0,0,0,0,1.333333333,0,0,0,8,0,15.33333333,0.333333333,0,0,4.666666667,0.666666667,0,0,10,1,11.66666667,0,0,1.666666667,0,0,0.333333333,0,0,0,0.333333333,0,0,0,8,0,0,0,0,1,106,0,0,0,37,698.6666667,-0.31526204966462,-0.347931600486176,-0.263762437448512,-0.275454082949749,-0.230331777045163,0.40199144481392,0.429806757849661,0.298949119650147,0.335549825933587,0.254466912455063,0.71725349447854,0.777738358335837,0.562711557098659,0.611003908883336,0.484798689500227,0.105154239762091,0.192520886022847,-0.0994554198296993,0.0328854572991269,-0.0226412794011501,0.434159,0.964517,0.57165,0.6840511495155,0.70862688771463,0.431842898053889
"2015Tachuelas",9,"Tachuelas",23.49104994,-109.4619083,100,3,0,0,0,0.333333333,0,0,0,0,0,0,0,4.666666667,2,1,0,0,0,7,0,0,0,0,0,0,0,34,0,6.666666667,0.333333333,1.666666667,0,0,3,0,0,0,0,0,0,0,0,0,0,2.333333333,0,0,1,0,0,0,1,0,0,0,0,0,0,0,0,0,0,0,0,0,0,0,0.333333333,0,0,0,0.333333333,0,0,0,1,0,4.333333333,0.333333333,0,0.333333333,0,0,0.666666667,0,0,0,2.333333333,0,0,0,6.666666667,0,30,12.33333333,0,5,53,0,0,0,26,181.666666662,-0.31526204966462,-0.347931600486176,-0.259219912229895,-0.254884704764505,-0.230331777045163,0.197256953918577,0.429806757849661,0.220412565336826,0.335549825933587,0.254466912455063,0.512519003583198,0.777738358335837,0.479632477566722,0.590434530698092,0.484798689500227,-0.0743966152872735,0.17094542329194,-0.12195641527894,-0.0126581813883982,-0.0244139015129983,0.153427,0.913432,0.612128,0.620437095431163,0.640303517457119,0.37470351566208
"2016Chopitos-Casitas",10,"Chopitos-Casitas",23.40370307,-109.4168574,200,12,0,0.541666667,0,0.166666667,0,0.083333333,0,0,0,0,0,0.416666667,0.708333333,1.208333333,0,0,0.041666667,1.541666667,0.041666667,2.541666667,0.125,0,0,0,0,8.5,0,2.458333333,0,0.041666667,0,0,0.125,0,0,0,0,0,0,0,0,0,0,0.5,1.875,0,0.083333333,0.291666667,0.041666667,0,0.333333333,0,0.5,4.833333333,0,0.208333333,0,0,0,0,0.083333333,0,0,0.625,0,0,0.791666667,0,0,0.041666667,0.083333333,0.125,0,0,0.458333333,0,7.791666667,0,0,0.041666667,0.458333333,0.083333333,1.166666667,0,0,0,0.166666667,0,0,0,0.583333333,0,1.75,0.541666667,0,0.791666667,17.625,0,0,0.25,43,60.666666668,-0.31526204966462,-0.347931600486176,-0.263762437448512,-0.184466289169344,-0.230331777045163,0.40199144481392,0.429806757849661,0.28776786942295,0.335549825933587,0.254466912455063,0.717253494478541,0.777738358335837,0.551530306871462,0.520016115102931,0.484798689500227,-0.00446224067906725,0.177026553965516,-0.0864601138467674,-0.0451227309767376,0.00497704637387326,0.377751,0.940501,0.494802,0.625823261171621,0.624457482596517,0.420854323500763
"2016Cien-Esperanza",10,"Cien-Esperanza",23.42463328,-109.4067111,200,9,0,0,0,0.055555556,0,0,0.055555556,0,0,0,0,1.222222222,0.111111111,1.944444444,0,0,0,1.333333333,0,4.777777778,0.055555556,0,0,0,0,14.05555556,0,0.555555556,0,0.055555556,0,0,0.055555556,0,0,0,0,0,0,0,0,0,0,0,0.722222222,0,0,0,0,0,0.444444444,0,0.222222222,1.666666667,0,0.222222222,0,0,0,0,0,0,0,0,0,0,2.611111111,0,0,0,0,0,0,0,1.611111111,0.055555556,0.888888889,0.055555556,0,0,0.055555556,0.166666667,0.111111111,0,0,0,0.388888889,0,0,0,0.166666667,0,0,0.777777778,0,0,7.388888889,0,0,0,29,41.833333341,-0.31526204966462,-0.347931600486176,-0.259219912229895,-0.254884704764505,-0.230331777045163,0.36797733110349,0.429806757849661,0.28776786942295,0.335549825933587,0.254466912455063,0.683239380768111,0.777738358335837,0.546987781652845,0.590434530698092,0.484798689500227,0.0484616679214867,0.216262189316476,-0.119896550119368,-0.031469876371286,-0.0463524436119186,0.291242,0.928556,0.436879,0.640840769221136,0.700303785923524,0.413042623941198
"2016Frailes-Lobera",10,"Frailes-Lobera",23.38204,-109.414745,100,4,0,0,0,0.75,0,0.25,0,0,0,0,0,1.25,0,1.5,0,0,0,3,0,0,0,0,0,0,0,10,0,0,0,0,0,0,0.5,0,0,0,0,1,0,0,0,0,0,1,2,0,0,0.25,0,0,1.25,0,1.25,0.25,0,0,0,0,0,0,0,0,0,3.25,0,0,0,0,0,0.25,0,0,0,0,0,0,1.25,0,0,0.5,1.25,0.25,1,0,0,0,0,0,0,0,1.25,0,1.25,1,0,0.25,4.25,0,0,1,27,41,-0.31526204966462,-0.347931600486176,-0.259219912229895,-0.184466289169344,-0.166508132765428,0.449105441079502,0.429806757849661,0.28776786942295,0.171823668160294,0.254466912455063,0.764367490744123,0.777738358335837,0.546987781652845,0.356289957329638,0.420975045220491,-0.0239167308410375,0.155999702076092,-0.091538385092616,-0.0291539271152108,-0.00123661679502907,0.145149,0.894134,0.569863,0.687309162245649,0.648610077837935,0.353384432762216
"2016Islote",10,"Islote",23.40785035,-109.413471,100,6,0,0,0,0.833333333,0,2.833333333,0,0,0,0,0,0.5,1.666666667,3,0,0,0,4,388.3333333,26.5,1,0,0,0,0,23.33333333,0,1.666666667,0.166666667,0.5,0,0,0,0,0,0,0,0,0,0,0,0,0,0.5,2.166666667,0,0,0,0,0,2,0,6.333333333,0,0,0,0,0,0,0.166666667,1.333333333,0,0,0,0,0,0,0,0,0,0,0,0,0,1.5,0,5.666666667,0,0,0,2.166666667,0.333333333,0.666666667,0,0,0,0.333333333,0,0,0,0,0,0,1.166666667,0,0.333333333,24.16666667,0,0,0,28,503.166666634,-0.305939776822796,-0.363571461394881,-0.263762437448512,-0.16416778670685,-0.166508132765428,0.40199144481392,0.429806757849661,0.28776786942295,0.335549825933587,0.254466912455063,0.707931221636716,0.793378219244542,0.551530306871462,0.499717612640437,0.420975045220491,0.321458551569654,0.204518808458614,0.0355881256125779,0.0279303195496656,-0.0133693700039083,0.209503,0.987896,0.437657,0.358862691075979,0.775720415288824,0.0905026734302926
"2017Bajo",11,"Bajo",23.45780716,-109.405278,200,8,0,0,0,0.375,0,0.75,0,0,0,0,0,1.0625,0.4375,2.1875,0,0,0,0.6875,0,6.625,0.0625,0,0,0,0,20.75,0.0625,9.5625,0,0.125,0.1875,0,0.25,0,0,0,0,0,0,0,0,0,0,0.375,1.8125,0,0,0.125,0,0,2.1875,0,0.3125,0,0,1.25,0,0,0.0625,0,0.25,0,0,0,0,0,6,0,0.0625,0.125,0.625,0,0,0,5.4375,0,2.75,0.1875,0,0.25,0.125,0.4375,0.375,0,0,0,0.1875,0,0,0,0.625,0,0.1875,0.8125,0,2.0625,43.5625,0,0,0,39,113.3125,-0.31526204966462,-0.347931600486176,-0.263762437448512,-0.254884704764505,-0.230331777045163,0.436888960853439,0.429806757849661,0.28776786942295,0.335549825933587,0.254466912455063,0.752151010518059,0.777738358335837,0.551530306871462,0.590434530698092,0.484798689500227,0.021332996796762,0.180628221636526,-0.145479529641786,-0.0302497386020912,-0.0478331598334748,0.330739,0.947969,0.505598,0.601230743625446,0.668003970982491,0.48648081266204
"2017Cantil",11,"Cantil",23.43973468,-109.4111893,300,14,0,0,0,0.119047619,0,1.714285714,0,0,0,0,0,0.5,0.333333333,1.142857143,0,0,0,0.976190476,0.142857143,5.785714286,0.19047619,0,0,0,0,29.21428571,0,2.833333333,0,0.023809524,0.023809524,0,0.071428571,0,0,0,0.023809524,0,0,0,0,0,0.023809524,0.071428571,1.261904762,0,0.119047619,0.285714286,0,0,0.571428571,0,0.333333333,1.166666667,0,0.714285714,0,0,5.238095238,0,0.119047619,0.023809524,0,2.380952381,0,0.023809524,0.952380952,0,0,0,0.166666667,0.071428571,0,0,0.380952381,0.023809524,2.238095238,0.095238095,0,0.19047619,0.142857143,0,0.380952381,0,0,0,0.404761905,0,0,0.119047619,0.404761905,0.071428571,0.738095238,0.904761905,0,0.904761905,38.85714286,0.071428571,0,0,48,102.547619044,-0.31526204966462,-0.347931600486176,-0.371936527693208,-0.284417033618065,-0.230331777045163,0.436888960853439,0.429806757849661,0.28776786942295,0.335549825933587,0.254466912455063,0.752151010518059,0.777738358335837,0.659704397116158,0.619966859551652,0.484798689500227,0.0551590434777252,0.218225327595401,-0.17411847328569,-0.0582469460860268,-0.0338647669483748,0.526728,0.95664,0.422212,0.560974681308617,0.711557721030698,0.486836951454667
"2017Rodadero-Gavilanes",11,"Rodadero-Gavilanes",23.45180247,-109.4260018,300,14,0,1.333333333,0,0.380952381,0,0.119047619,0,0,0,0,0,0.404761905,0.071428571,0.238095238,0,0,0,0.976190476,0,0,0.119047619,0.523809524,0,0,0,2.5,0,1.880952381,0,0.023809524,0.023809524,0,0.047619048,0,0,0,0,0,0,0,0,0.214285714,0,0,0.785714286,0,0,0.095238095,0,0,0.166666667,0,0.023809524,0.071428571,0,0,0,0,0,0,9.333333333,0,0,0.333333333,0,0,0,0,0.023809524,0,0.047619048,0.023809524,0,0,0.19047619,0,3.30952381,0,0,0,0.023809524,0.047619048,0.19047619,0,0,0,0.428571429,0,0,0.023809524,0.285714286,0.023809524,2.095238095,0.952380952,0,0.69047619,28.21428571,0,0,0,38,56.238095234,-0.31526204966462,-0.347931600486176,-0.263762437448512,-0.184466289169344,-0.166508132765428,0.29240623710853,0.429806757849661,0.28776786942295,0.335549825933587,0.254466912455063,0.60766828677315,0.777738358335837,0.551530306871462,0.520016115102931,0.420975045220491,-0.00187657126054756,0.124182244667576,-0.180226306330269,-0.0336333941678281,-0.0186652269177648,0.200183,0.960377,0.434808,0.573629729641513,0.633962942653561,0.471586284701848
"2017Islote",11,"Islote",23.40785035,-109.413471,200,8,0,0,0,0,0,0.0625,0,0,0,0,0,0.3125,2.625,2.25,0,0,0,0.5625,0.625,3.8125,0.0625,0,0,0,0,59.625,0,1.75,0.0625,0.0625,0.0625,0,0.5,0,1.875,0,0,0,0,0,0,0,0,0.3125,4.0625,0,0,0.5,0,0,1.3125,0,1.1875,0,0,0.125,0,0,0,0,0.125,0,0.1875,0,0,0,0.6875,0,0,0,0.125,0,0.0625,0,0.625,0,4.3125,0.125,0,0,0.3125,0.125,0.3125,0,0,0,0,0,0,0.25,0,0,0.3125,1,0,0.0625,14.25,2.5,0,1.625,39,108.75,-0.31526204966462,-0.347931600486176,-0.263762437448512,-0.254884704764505,-0.230331777045163,0.40199144481392,0.429806757849661,0.28776786942295,0.335549825933587,0.254466912455063,0.717253494478541,0.777738358335837,0.551530306871462,0.590434530698092,0.484798689500227,0.0659610352115098,0.29287171069408,-0.170398398589151,-0.012921653062581,-0.0406760738880318,0.383271,0.943851,0.477013,0.533028211921469,0.761327231651687,0.442116023582533
"2017Morros",11,"Morros",23.4616989,-109.4067642,200,8,0,0,0,0.9375,0,2.75,0,0,0,0.125,0,0.375,0.0625,2.25,0,0,0,0,0,11.0625,0.375,0,0,0,0,64.9375,0.0625,4.125,0,0.375,0.25,0,0.5,0,0,0,0,0,0,0,0,0,0,0.0625,4.8125,0,1.0625,0,0,0,0.5625,0,0,0,0,0,0,0,0,0,0,0,0,0,0.0625,0,1.375,0,0,0.125,0.0625,0,0,0,2.8125,0.0625,4.4375,0.0625,0,0,0.3125,0.1875,0,0,0,0,0.625,0,0,0,0.1875,0,0.1875,0.875,0,0.75,17.625,0,0,0,34,124.4375,-0.31526204966462,-0.347931600486176,-0.259219912229895,-0.254884704764505,-0.230331777045163,0.322043285883061,0.429806757849661,0.28776786942295,0.335549825933587,0.254466912455063,0.637305335547681,0.777738358335837,0.546987781652845,0.590434530698092,0.484798689500227,0.0596549296249867,0.286015486036746,-0.170686889818405,-0.0101090443065995,-0.0337591675887914,0.234751,0.955448,0.449057,0.548248477641,0.758209910139264,0.450136049892093
"2017Navajas",11,"Navajas",23.44524538,-109.4178619,200,9,0,0,0,0.555555556,0,0.777777778,0,0,0.055555556,0,0,0.444444444,0.333333333,0.722222222,0,0,0,0.555555556,3.333333333,0.055555556,0,0,0,0,0,3.388888889,0,1.666666667,0.055555556,0,0,0,0.055555556,0,0.222222222,0,0.111111111,0,0,0,0,0,0,0,0.166666667,0,0.111111111,0,0,0,0.388888889,0,0.166666667,0.555555556,0,0.055555556,0,0,0,0,0.722222222,0,0.777777778,0,0,0,0.222222222,0,0,0.166666667,1.333333333,0.055555556,0,0,2,0,9.333333333,0.166666667,0,0.333333333,0.055555556,0.111111111,0.5,0,0,0,0.222222222,0,0,0.055555556,0.055555556,0,2.555555556,1.166666667,0,0.944444444,45.44444444,0,0,0.5,42,80.5,-0.31526204966462,-0.347931600486176,-0.263762437448512,-0.275454082949749,-0.230331777045163,0.40199144481392,0.429806757849661,0.28776786942295,0.335549825933587,0.254466912455063,0.717253494478541,0.777738358335837,0.551530306871462,0.611003908883336,0.484798689500227,-0.00884348381015482,0.176237730647672,-0.130768568878513,-0.0700858733587865,-0.01369329503793,0.399934,0.95079,0.475512,0.524635809511177,0.619840920644369,0.478384996698172
"2017Tachuelas",11,"Tachuelas",23.49104994,-109.4619083,200,9,0,5.222222222,0,0,0,0,0.111111111,0,0,0,0,0.5,0.166666667,0.666666667,0,0,0,1.444444444,0,0,0.055555556,0,0,0,0,7.222222222,0,2.277777778,0.055555556,0.055555556,0.055555556,0,0.333333333,0,0,0,0,0,0,0,0,1.666666667,1.666666667,0.388888889,1.444444444,0.055555556,0.111111111,0.277777778,0,0,0.222222222,0,0,1.5,0,0,0,0,0,0.055555556,0,0,0,8.333333333,0,0,0,0,0,0,0.111111111,0.055555556,0,0,0.666666667,0,0.222222222,0,0,0,0.222222222,0,0.055555556,0,0,0,0.444444444,0,0,0,0.222222222,0,4.833333333,1.055555556,0,1.833333333,36.22222222,0,0,0.111111111,37,79.944444444,-0.31526204966462,-0.363571461394881,-0.371936527693208,-0.284417033618065,-0.166508132765428,0.29240623710853,0.429806757849661,0.28776786942295,0.335549825933587,0.254466912455063,0.60766828677315,0.793378219244542,0.659704397116158,0.619966859551652,0.420975045220491,-0.00376848550270221,0.139152689713499,-0.171418536608987,-0.0832851733362453,-0.0155448421360993,0.282787,0.949211,0.507071,0.565530031608884,0.656320561754485,0.505386482415448
"2018Bajo",12,"Bajo",23.45780716,-109.405278,100,6,0,0,0,0,0,0.166666667,0,0,0,0,0,1.333333333,0.333333333,5.833333333,0,0,0,1.833333333,0,9,0.166666667,0,0,0,0,74.5,0,29.5,0.166666667,1,0.5,0,0.833333333,0,0,0,0,0,0,0,0,0,0,0.333333333,10.16666667,0,0,1.166666667,0,0,2.333333333,0,0.5,0,0,0,0,0,0,0,0,0,0,0,0,0,2.833333333,0,0,0.166666667,0.666666667,0,0,0,2.333333333,0,7.666666667,0.166666667,0,0,0.833333333,0,0.666666667,0,0,0,0.833333333,0,0,0,0,0,0.666666667,3.333333333,0.333333333,0,81.5,0,0,0,31,241.666666669,-0.31526204966462,-0.347931600486176,-0.259219912229895,-0.254884704764505,-0.230331777045163,0.21846976198706,0.429806757849661,0.28776786942295,0.335549825933587,0.254466912455063,0.53373181165168,0.777738358335837,0.546987781652845,0.590434530698092,0.484798689500227,0.0243259374106242,0.232082434491453,-0.176077275284401,-0.0167352681275655,-0.0407611278454599,0.208964,0.952327,0.587762,0.561363958163379,0.701641174572151,0.524989135002559
"2018Cantil",12,"Cantil",23.43973468,-109.4111893,200,12,0,0,0,0.083333333,0,0.041666667,0,0,0,0,0,1.125,0.25,1.291666667,0,0,0,1.041666667,0,3.458333333,0,0,0,0,0,17.95833333,0,6.875,0,0.083333333,0,0,0.208333333,0,0,0,0,0,0,0,0,0,0,0.666666667,1.166666667,0,0.083333333,0.041666667,0,0,0.5,0,0,0.166666667,0,0,0,0,0,0,0,0,0,0,0,0,0.125,0,0,0,1.25,0.041666667,0,0,1.833333333,0,2.5,0.041666667,0,0,0.125,0.083333333,0.708333333,0,0,0,0.625,0,0,0.125,0.625,0.333333333,0.416666667,0.708333333,0,3.125,62.54166667,0,0,0.541666667,35,110.791666667,-0.31526204966462,-0.347931600486176,-0.259219912229895,-0.254884704764505,-0.230331777045163,0.21846976198706,0.429806757849661,0.28776786942295,0.335549825933587,0.254466912455063,0.53373181165168,0.777738358335837,0.546987781652845,0.590434530698092,0.484798689500227,-0.00427532111339246,0.213562471740523,-0.179756082273766,-0.0700914128028476,-0.047977436026296,0.177312,0.953714,0.494363,0.449145631051289,0.657107135905021,0.503922893423738
"2018Rodadero-Gavilanes",12,"Rodadero-Gavilanes",23.45180247,-109.4260018,200,12,0,4.166666667,0,0,0,0.375,0,0,0,0,0,0.75,0.5,0.333333333,0,0,0,0.791666667,0,0,0,0,0,0,0,12.375,0,2.666666667,0,0.041666667,0.041666667,0,0.083333333,0,0.083333333,0,0,0,0,0,0,0,0,0.125,2,0,0,0.125,0,0,0.125,0,0.125,0.625,0,0,0,0,0,0,0.25,0,0,3.458333333,0,0,0.166666667,0,0,0,0,0,0,0.041666667,0.958333333,0,0.083333333,0.208333333,0,0,0.125,0,0.458333333,0,0,0,0.833333333,0,0,0.291666667,0.75,0.125,2.375,1.791666667,0,2.125,35.20833333,0,0,0,35,74.58333333,-0.31526204966462,-0.347931600486176,-0.263762437448512,-0.254884704764505,-0.230331777045163,0.197256953918577,0.429806757849661,0.28776786942295,0.335549825933587,0.254466912455063,0.512519003583198,0.777738358335837,0.551530306871462,0.590434530698092,0.484798689500227,-0.0101428300425029,0.19044980985668,-0.175616446421164,-0.0705963849272163,-0.0388969483019533,0.286044,0.925681,0.449115,0.499331152194757,0.656884454652181,0.478506508834809
"2018Islote",12,"Islote",23.40785035,-109.413471,100,6,0,0,0,0.5,0,1.166666667,0.166666667,0,0,0,0,2,14.16666667,2.833333333,0,0,0,0.833333333,0,33,0.333333333,0,0,0,0,122.6666667,0,0.5,0,0.166666667,0,0,1.333333333,0,0.666666667,0,0,0,0,0,0,0,0,0,7.833333333,0,0,0,0,0,2.833333333,0,3.333333333,0,0,0.166666667,0,0,0,0,0,0,0,0,0,0,1.5,0,0,0,0,0,0,0,7,0,7.5,1.166666667,0,0.166666667,0.5,0.166666667,1.166666667,0,0,0,0,0,0,0,0.166666667,0.166666667,0.166666667,0.666666667,0,1.333333333,10.33333333,0,0,0.166666667,33,226.666666702,-0.31526204966462,-0.347931600486176,-0.259219912229895,-0.254884704764505,-0.230331777045163,0.36797733110349,0.429806757849661,0.28776786942295,0.335549825933587,0.254466912455063,0.683239380768111,0.777738358335837,0.546987781652845,0.590434530698092,0.484798689500227,0.0715084877739754,0.29265484172395,-0.151943845389404,-0.016653277956735,-0.0323279974076774,0.335337,0.926958,0.5023,0.545921738106525,0.75376282101077,0.397680532706011
"2018Morros",12,"Morros",23.4616989,-109.4067642,100,6,0,0,0,0,0,0,0,0,0,0.333333333,0,0.166666667,0,4.666666667,0,0,0,0,0,0.166666667,0.166666667,0,0,0,0,60.5,0,6.166666667,0,0.333333333,0.666666667,0,1.166666667,0,0,0,0,0,0,0,0,0,0,0,15.33333333,0,0,0.333333333,0,0,1.333333333,0,0,0,0,0,0,0,0,0.333333333,0,0,0,0,0.166666667,0,4.166666667,0,0,0,0.5,0.166666667,0,0,6.666666667,0,0.333333333,0.166666667,0,0,0,0,0,0,0,0,1.166666667,0,0,0,0.166666667,0.333333333,0,1.333333333,0.166666667,0,15.83333333,0,0,0,27,122.833333329,-0.31526204966462,-0.363571461394881,-0.259219912229895,-0.254884704764505,-0.230331777045163,0.322043285883061,0.429806757849661,0.247516814136892,0.335549825933587,0.254466912455063,0.637305335547681,0.793378219244542,0.506736726366787,0.590434530698092,0.484798689500227,0.0219943012414789,0.23140289234659,-0.165089436387005,0.0056828869282154,-0.0584017289612148,0.254679,0.913159,0.513689,0.638250673516229,0.731190446567385,0.427917602163259
"2018Navajas",12,"Navajas",23.44524538,-109.4178619,100,6,0,0,0,0.5,0,10,0,0,0,3.333333333,0,1,0,1,0,0,0,0.5,0,1,0,0,0,0,0,22.16666667,0,1.666666667,0,0,0,0,0,0,0.166666667,0,0,0,0,0,0,73.33333333,0,0.333333333,1.333333333,0,0,0,0,0,0.166666667,0,1.5,1,0,0,0,0,0,0,0,0,0.5,16.66666667,0,0,0,0,0,0,1.333333333,0.166666667,0,0,0.166666667,0,11.16666667,0.166666667,0,0,0.166666667,0,0.833333333,0,0,0,0.166666667,0,0,0,0.666666667,0,0.833333333,0.333333333,0,2,47.66666667,0,0,1,32,202.833333344,-0.31526204966462,-0.227412507731491,-0.259219912229895,-0.254884704764505,-0.225895703578397,0.322043285883061,0.429806757849661,0.28776786942295,0.335549825933587,0.254466912455063,0.637305335547681,0.657219265581152,0.546987781652845,0.590434530698092,0.48036261603346,0.120152431766664,0.0144903749250293,-0.101140121755949,-0.018213153962953,0.0549963980091718,0.2288,0.97159,0.582026,0.748437594034513,0.676932891199504,0.443291950373413
"2018Tachuelas",12,"Tachuelas",23.49104994,-109.4619083,100,6,0,0,0,0.333333333,0,4.5,0,0,0,0,0,1.166666667,4.166666667,1.833333333,0,0,0,4.666666667,0,0,0.333333333,0,0,0,0,9.333333333,0,2.333333333,0,0,0,0,0.833333333,0,0,0,0,0,0,0,0,0,0,0.333333333,0.166666667,0,0,0,0,0,0.166666667,0,1,0,0,0,0,0,0,0,1.833333333,0,0,0,0,0,2,0,0,0,0.166666667,0,0,0,0,0,5.5,0,0,0,0,0,0.833333333,0,0,0,0.666666667,0,0,0,1,0,4.833333333,1.166666667,0,3.166666667,76,0,0,0.666666667,26,129,-0.31526204966462,-0.347931600486176,-0.263762437448512,-0.16416778670685,-0.230331777045163,0.197256953918577,0.429806757849661,0.220412565336826,0.335549825933587,0.254466912455063,0.512519003583198,0.777738358335837,0.484175002785338,0.499717612640437,0.484798689500227,-0.0331747733986532,0.167118096734936,-0.146699006891276,-0.0844600821373515,-0.0372827759586684,0.135678,0.955433,0.600165,0.489689844135945,0.620374093297823,0.449843260294355
"2019Bajo",13,"Bajo",23.45780716,-109.405278,100,6,0,0,0,0.333333333,0,0.166666667,0,0,0,0.5,0,1.166666667,0,3.166666667,0,0,0,0.666666667,0,7,0,0,0,0,0,162.5,0,4.833333333,0.5,0.833333333,0.166666667,0,0.166666667,0,0,0,0,0,0,0.333333333,0,3.333333333,0,3.166666667,0,0,0.166666667,0.666666667,0,0,2.666666667,0,0.333333333,0.166666667,0,38.33333333,0,0,0,33.5,0,0,0,80.16666667,0,0,1.333333333,0,0,0,1.333333333,0,0,0,6.333333333,0.166666667,4.166666667,0,0,0,0.166666667,0.166666667,0,0,0,0,2.666666667,0,0,0,0,0,0.333333333,4.333333333,0,4.333333333,70.66666667,0,0,0,36,440.833333338,-0.31526204966462,-0.363571461394881,-0.259219912229895,-0.184466289169344,-0.230331777045163,0.36797733110349,0.429806757849661,0.28776786942295,0.335549825933587,0.254466912455063,0.683239380768111,0.793378219244542,0.546987781652845,0.520016115102931,0.484798689500227,0.105696452207457,0.115460495853687,-0.165077390949534,-0.035148316842036,0.0149198362792746,0.346745,0.97642,0.437923,0.789331864703263,0.77178628509307,0.559639782595696
"2019Cantil",13,"Cantil",23.43973468,-109.4111893,200,11,0,0,0,0.090909091,0,0,0.045454545,0.090909091,0,0,0,0.909090909,0.045454545,1.318181818,0,0,0,0.681818182,0,2.636363636,1.181818182,0,0,0,0,27.22727273,0,2.772727273,0,0.090909091,0,0,0.136363636,0,0.090909091,0,0,0,0,0,0,0,0,0.272727273,0.818181818,0,0.045454545,0,0,0,0.727272727,0,0.045454545,0,0,0,0,0,0,0,0.590909091,0,0,2.954545455,0,0,2.590909091,0,0,0,0.090909091,0.090909091,0.045454545,0,3.409090909,0,3.363636364,0,0,0,0.363636364,0.272727273,1.409090909,0,0,0,0.5,0,0,0,1,0.090909091,0.181818182,1.909090909,0,3.181818182,26.22727273,0,0,0.136363636,38,87.636363641,-0.31526204966462,-0.347931600486176,-0.263762437448512,-0.184466289169344,-0.230331777045163,0.21846976198706,0.429806757849661,0.28776786942295,0.335549825933587,0.254466912455063,0.53373181165168,0.777738358335837,0.551530306871462,0.520016115102931,0.484798689500227,0.0245459084372978,0.206496653917612,-0.155523214434064,-0.0348883648371024,-0.0367636830217667,0.314623,0.941784,0.476443,0.607937184051784,0.69163254486591,0.478533436981493
"2019Islote",13,"Islote",23.40785035,-109.413471,100,6,0,0,0,0,0,0.5,0.166666667,0,0,0,0,1.166666667,0.666666667,2.666666667,0,0,0,0.833333333,2,9,0.5,0,0,0,0,81,0,2.333333333,0,0.166666667,0.333333333,0,0.666666667,0,0.833333333,0,0,0,0,0,0,0.333333333,0,1.166666667,1.333333333,0,0.833333333,0,0,0,1.5,0,0.833333333,0.166666667,0,0,0,8.333333333,0,0,0,0,0,0,0,0,1.166666667,0,0,0,0.166666667,0.166666667,0.166666667,0,5.833333333,0,6.833333333,0,0.166666667,0,0.166666667,0,0.333333333,0,0,0,1.166666667,0,0,0,0.166666667,0,0,1.333333333,0,0,1.166666667,0,0,0,36,136.166666668,-0.31526204966462,-0.347931600486176,-0.259219912229895,-0.322253001899466,-0.230331777045163,0.40199144481392,0.429806757849661,0.28776786942295,0.335549825933587,0.254466912455063,0.71725349447854,0.777738358335837,0.546987781652845,0.657802827833053,0.484798689500227,0.0820160782358052,0.274767553548812,-0.156331795624756,-0.000735872713454502,-0.0391625914973706,0.386349,0.95899,0.557822,0.607777158821829,0.78876993224506,0.443220855505757
"2019Morros",13,"Morros",23.4616989,-109.4067642,100,6,0,0,0,0.333333333,0,1.166666667,0,0,0,0,0.333333333,1.666666667,0.166666667,3,0,0,0,1.833333333,0,1.666666667,0.333333333,0,0,0,0,17.5,6.666666667,11.66666667,0,0.5,0.166666667,0,0.333333333,0,0,0,0,0,0,0,0,0,0,21.16666667,28,0,0,0,0,0,3.833333333,0,0.166666667,0,0,0,0,0,0,0,0,0,0,0.5,0,0,2.166666667,0,0,0,0.666666667,0.333333333,0,0,10.16666667,0,10,0,0,0,1.333333333,1.5,0,0,0,0,1,0,0,0,0,0,0,2.5,0,0,45.33333333,0,0,0,30,176.000000007,-0.305939776822796,-0.347931600486176,-0.259219912229895,-0.184466289169344,-0.230331777045163,0.21846976198706,0.429806757849661,0.28776786942295,0.335549825933587,0.254466912455063,0.524409538809856,0.777738358335837,0.546987781652845,0.520016115102931,0.484798689500227,-0.0610347836913839,0.130994454592891,-0.110375879393347,-0.0255398730250966,-0.027685733401752,0.20468,0.801303,0.473966,0.588940046100943,0.580266408399716,0.364839545978218
"2019Navajas",13,"Navajas",23.44524538,-109.4178619,100,5,0,0,0,0.2,0,0,0,0,0,32,0.2,1.4,0.8,1.8,0,0,0,0.4,0,5.2,0.2,0,0,0,0,60,0,4.2,0,0,0,0,0.2,0,0,0,0,0,0,0,0,1.4,0,0,0,0,0,0,0,0,0.4,0,0.8,1,0,0,0,0,0,0,11.8,0,0.2,0,0,0,0.2,0,0,0,2.6,0,0,0,16.2,0,26.8,0,0,0,0,0.6,0.8,0,0,0,3.4,0,0,0.8,0.8,0,3.4,0.8,0,2.8,90.2,0,0,1.2,32,272.8,-0.31526204966462,-0.347931600486176,-0.263762437448512,-0.16416778670685,-0.230331777045163,0.322043285883061,0.429806757849661,0.220412565336826,0.335549825933587,0.254466912455063,0.637305335547681,0.777738358335837,0.484175002785338,0.499717612640437,0.484798689500227,0.0527228215771382,0.171819858866271,-0.168094733929017,-0.00871165984904211,-0.02482268189848,0.208963,0.971519,0.433983,0.639351780640056,0.688002097931374,0.481577368728799
"2019Rodadero-Gavilanes",13,"Rodadero-Gavilanes",23.45180247,-109.4260018,100,4,0,9.25,0,0,0,0.25,0.25,0,0,0,0,1.5,0,1,0,0,0,2.5,0,0,0,0,0,0,0,31.5,0,4.25,0,0,0,0,0,0,0,0,0,0,0,0,0,0,0,3,0.5,0,0,0,0,0,1.75,0,0,0,0,0,0,0,0,0,0,0,0.25,0,0,0,0,0,0,0,0,1.75,0,0.25,3.25,0,26.75,0,0,0,1.5,0.25,1.5,0,0,0,1.25,0,0,0,2,0,3.25,2.25,0,7.75,79.5,5,0,0,26,192.25,-0.31526204966462,-0.315448133604558,-0.259219912229895,-0.16416778670685,-0.166508132765428,0.40199144481392,0.429806757849661,0.28776786942295,0.335549825933587,0.254466912455063,0.717253494478541,0.745254891454218,0.546987781652845,0.499717612640437,0.420975045220491,0.005077324417546,0.211162746486685,-0.140034215360058,-0.0510892859590805,-0.0090166600100264,0.119416,0.935609,0.529768,0.545549597239203,0.648085531215319,0.470322472909159
"2019Tachuelas",13,"Tachuelas",23.49104994,-109.4619083,100,6,0,0,0,0,0,7.5,0,0,0,0,0,1,0.166666667,1.833333333,0,0,0,1.666666667,0,0,0.333333333,0,0,0,0,30.83333333,0,5.333333333,0.166666667,0.333333333,0,0,0.333333333,0,0,0,0,0,0,0,0,4.166666667,0,0,0.666666667,0,0,0,0,0,0.166666667,0,7,3.166666667,0,0,0,0,0,0,0.666666667,0,1.333333333,0,0,0,0,0,0,0,3.5,0,0,0,6.333333333,0.333333333,4.5,0.5,0,0,0,0,1,0,0,0,1.166666667,0,0,0,2.833333333,0,7.5,1.5,0,3.5,49.66666667,0,0,1.333333333,31,150.333333333,-0.31526204966462,-0.347931600486176,-0.263762437448512,-0.254884704764505,-0.183729872119232,0.29240623710853,0.429806757849661,0.220412565336826,0.335549825933587,0.254466912455063,0.60766828677315,0.777738358335837,0.484175002785338,0.590434530698092,0.438196784574295,-0.0206361169137587,0.185370440305915,-0.123302251875335,-0.0206435129462737,-0.0241442558481125,0.192277,0.94569,0.508509,0.614764782610993,0.65029667034754,0.397174665684658
"2020Bajo",14,"Bajo",23.45780716,-109.405278,200,16,0,0,0,0.0625,0,1.875,0,0,7.53125,2.96875,0,1.125,0,3.125,0,0,0,3.78125,0,28.375,0.09375,0.09375,0,0.15625,0,135.46875,0.3125,8.21875,0,0.15625,0.125,0,0.4375,0,0,0,0,0,0,0,0,0,0,0.15625,1.34375,0,0.125,0.03125,0,0,2.9375,0,0.59375,0,0,35.34375,0,0,0,0.34375,16.75,0,0,30.625,0.53125,0.03125,1.53125,0.0625,0,0,0.5625,0,0,0,0,0,4.71875,0.0625,0,0.21875,0.3125,0.4375,0.40625,0,0,0,0.03125,0,0,0,0.15625,0,2.25,0.5625,0,0.0625,67.78125,0,0,0,44,361.875,-0.31526204966462,-0.363571461394881,-0.263762437448512,-0.275454082949749,-0.230331777045163,0.36797733110349,0.429806757849661,0.28776786942295,0.335549825933587,0.254466912455063,0.683239380768111,0.793378219244542,0.551530306871462,0.611003908883336,0.484798689500227,0.107724087603825,0.177942856669611,-0.183514613648113,-0.0268388423553097,-0.00295457228131847,0.449451,0.989138,0.470563,0.695410654213795,0.768928004774881,0.503750670084885
"2020Cantil",14,"Cantil",23.43973468,-109.4111893,400,28,0,0,0,0,0,0.5,0.008928571,0,0.928571429,0.044642857,0,0.616071429,0.026785714,0.535714286,0,0,0,1.303571429,0.008928571,4.080357143,0.008928571,0,0,0,0,47.80357143,0,3,0,0.053571429,0,0,0.071428571,0,0.044642857,0,0,0,0,2.678571429,0,7.767857143,0,0.205357143,1.035714286,0,0.098214286,0.0625,0,0,0.339285714,0.008928571,0.294642857,0.267857143,1.785714286,0.375,0,0,0,0.008928571,0.508928571,0,0,0.803571429,0,0,0.8125,0,0,0,0.125,0.026785714,0,0.017857143,0.026785714,0,4.946428571,0.008928571,0,0.089285714,0.0625,0.0625,0.464285714,0,0,0,0.160714286,0,0,0,0.205357143,0.008928571,1.401785714,0.589285714,0,1.625,28.84821429,0,0.035714286,0.080357143,51,114.875000004,-0.31526204966462,-0.363571461394881,-0.263762437448512,-0.275454082949749,-0.230331777045163,0.40199144481392,0.429806757849661,0.28776786942295,0.335549825933587,0.254466912455063,0.717253494478541,0.793378219244542,0.551530306871462,0.611003908883336,0.484798689500227,0.0749750737773115,0.226911118731584,-0.175935381911019,-0.0209463116993122,-0.0252666669087707,0.602058,0.977382,0.39925,0.620302144154746,0.751911554584178,0.475638153514222
"2020Chopitos",14,"Chopitos-Casitas",23.40370307,-109.4168574,200,12,0,0.208333333,0,0.041666667,0,2.708333333,0,0,0,0,0,0.708333333,0.125,1.083333333,0,0,0,4.75,0.041666667,2.666666667,0.166666667,0,0,0,0,58.95833333,0,5.916666667,0,0.041666667,0,0,0.041666667,0,0,0,0,0,0,0,0,0,0,1.333333333,2.25,0,0.125,0.375,0,0,0.583333333,0,0.083333333,0.25,0,0.083333333,0,0,0,0,0,0,0,0,0,0,0.75,0,0.041666667,0,0.208333333,0.041666667,0,0,0,0,3.541666667,0.083333333,0,0,0.625,0.041666667,0.625,0,0,0,0.666666667,0,0.083333333,0,1.208333333,0,3.666666667,1,0,8.958333333,79.79166667,0,0,0,38,183.875,-0.31526204966462,-0.347931600486176,-0.259219912229895,-0.254884704764505,-0.230331777045163,0.40199144481392,0.429806757849661,0.28776786942295,0.335549825933587,0.254466912455063,0.717253494478541,0.777738358335837,0.546987781652845,0.590434530698092,0.484798689500227,0.00444648041017587,0.245461154941842,-0.183218126582261,-0.0573606368921073,-0.0479520327565372,0.306319,0.948959,0.417465,0.494066102101436,0.698576767085998,0.465467760681312
"2020Islote",14,"Islote",23.40785035,-109.413471,200,16,0,0,0,0,0,2.4375,0.0625,0,0,0.0625,0,1,9.59375,3.59375,0,0,0,4.5,0.625,34.25,0.3125,0.03125,0,0.0625,0,175.40625,0.15625,6.65625,0.125,0.15625,0,0,0.8125,0,0.5625,0,0.03125,0,0,0,0,12.1875,0,0.53125,13.71875,0,1.25,0.03125,0,0.09375,2.1875,0,1.4375,0.0625,0,12.9375,0,0,0,0,0.03125,0,0.0625,14.0625,0.25,0,2.0625,0,0,0,0.59375,0.03125,0,0,2.5625,0.0625,8.5625,0.03125,0,0.03125,0.40625,0.09375,0.46875,0,0,0,0.34375,0,0,0,0.0625,0,0.5,0.53125,0,0.0625,52.15625,0.71875,0,0,52,368.5625,-0.31526204966462,-0.347931600486176,-0.263762437448512,-0.254884704764505,-0.230331777045163,0.40199144481392,0.429806757849661,0.28776786942295,0.335549825933587,0.254466912455063,0.717253494478541,0.777738358335837,0.551530306871462,0.590434530698092,0.484798689500227,0.0851324058022031,0.245802029973081,-0.170815072571574,-0.0219832999726832,-0.0185263626561,0.564796,0.957125,0.380431,0.613574348026225,0.762887888278324,0.453066847280946
"2020Frailes-Lobera",14,"Frailes-Lobera",23.38204,-109.414745,200,12,0,0.333333333,0,0.666666667,0,0,0,0,0,0,0,0.5,0.083333333,4.791666667,0,0,0,5.041666667,4.166666667,0.5,0.666666667,0,0,0,0,95,0,6.5,0,0,0,0,0.25,0,0,0,0,0,0,1.25,0,0,0,0,7.083333333,0,0.041666667,0,0,0,0.708333333,0.083333333,1.25,0.083333333,0,0,0,0,0,0,0.25,0,1.208333333,0,0,0,0.875,0,0,0,2.333333333,0.166666667,0,0,3.958333333,0,25.54166667,0.083333333,0,0.041666667,0.208333333,0.083333333,1.166666667,0,0,0,0.041666667,0,0,0.083333333,0.541666667,0,1.791666667,0.291666667,0,1.833333333,98.83333333,0,0,0.125,39,268.458333333,-0.31526204966462,-0.347931600486176,-0.263762437448512,-0.254884704764505,-0.230331777045163,0.40199144481392,0.429806757849661,0.28776786942295,0.335549825933587,0.254466912455063,0.717253494478541,0.777738358335837,0.551530306871462,0.590434530698092,0.484798689500227,0.0264191966568299,0.255530396752494,-0.174235805963062,-0.0380404385322561,-0.0293654310073032,0.288152,0.970294,0.46812,0.534326379551439,0.713991503018932,0.493365059488369
"2020Morros",14,"Morros",23.4616989,-109.4067642,200,15,0,0,0,2.433333333,0,3.233333333,0,0,0,0.066666667,0,0.533333333,0,2.5,0,0,0,0.366666667,11.5,10.43333333,0.1,1.833333333,0,0.066666667,0,60.43333333,0,2.466666667,0,0.633333333,0.066666667,0,0.5,0,0,0,0,0,0,0,0,0,0,0.133333333,9.366666667,0,0.066666667,0,0,0,0.933333333,0.033333333,0.466666667,0.033333333,0,0,0,0,0,0.366666667,0,0,0,0,0.133333333,0,1.7,0,0,0,0.1,0,0,0,0.133333333,0,7.2,0.066666667,0,0,0.133333333,0.2,0.033333333,0,0,0.333333333,0.566666667,0,0,0,0,0,0.233333333,0.566666667,0.033333333,0,19.2,0,0,0,39,139.199999992,-0.31526204966462,-0.363571461394881,-0.259219912229895,-0.254884704764505,-0.230331777045163,0.40199144481392,0.429806757849661,0.28776786942295,0.335549825933587,0.254466912455063,0.717253494478541,0.793378219244542,0.546987781652845,0.590434530698092,0.484798689500227,0.0783161528616378,0.263895148467047,-0.139276451861642,-0.0151481533315954,-0.0216104832808072,0.374436,0.94609,0.474091,0.605925894912074,0.742162193978169,0.395441422952336
"2020Navajas",14,"Navajas",23.44524538,-109.4178619,200,16,0,2.625,0,0.125,0,3.6875,0,0,0,5.1875,0,0.59375,0,1.40625,0,0,0,1.875,0.3125,3.3125,0,0.03125,0,0,0,65.3125,0,3.75,0,0.0625,0.03125,0,0.3125,0,0.03125,0,0,0,0,0,0,19.0625,0,0.03125,0.28125,0,0.0625,0,0,0,0.5,0,6.0625,9.40625,0,1.9375,0,0,0,0.0625,1.09375,0,0.5,6.5625,0,0,0.65625,0,0,0,0.40625,0.03125,0,0,0,0.15625,12.125,0.1875,0,0.0625,0.875,0.65625,0.28125,0,0,0,0,0,0,0,0.65625,0.0625,5.0625,0.34375,0,2.125,49.71875,0,0.03125,0.40625,46,208.0625,-0.31526204966462,-0.363571461394881,-0.263762437448512,-0.254884704764505,-0.230331777045163,0.40199144481392,0.429806757849661,0.28776786942295,0.335549825933587,0.254466912455063,0.717253494478541,0.793378219244542,0.551530306871462,0.590434530698092,0.484798689500227,0.068252314662639,0.18938401188088,-0.14406532702271,-0.0258212074405153,-0.00254823340067517,0.478973,0.959821,0.406739,0.667092809563472,0.714500035148247,0.448073203141709
"2020Tachuelas",14,"Tachuelas",23.49104994,-109.4619083,200,12,0,0.041666667,0,0,0,0.708333333,0.041666667,0.041666667,0,0,0,0.583333333,2.333333333,0.041666667,0,0,0,3.375,0.041666667,0,0,0,0,0,0,7.083333333,0,2.333333333,0,0.083333333,0.041666667,0,0.041666667,0,0,0,0,0,0,12.5,0,0.541666667,0,0.25,7.916666667,0,0.5,0.166666667,0,0,0,0,0.25,0,0,0,0,0,0,0,0,0,0,0.416666667,0,0,0.125,0,0,0,0,0,0,0,0,0.166666667,1.041666667,0,0,0,0.958333333,0,0.541666667,0,0,0,0.833333333,0,0.041666667,0,0.958333333,0,4.916666667,1.083333333,0,1,56.91666667,0,0,0.083333333,35,108.000000005,-0.31526204966462,-0.347931600486176,-0.259219912229895,-0.184466289169344,-0.230331777045163,0.40199144481392,0.429806757849661,0.28776786942295,0.335549825933587,0.254466912455063,0.717253494478541,0.777738358335837,0.546987781652845,0.520016115102931,0.484798689500227,-0.0149048918749704,0.130480789376059,-0.16516123745346,-0.0582958067245789,-0.0206832121826594,0.384407,0.919916,0.325793,0.569603416636876,0.638293907595388,0.422783486450538
"2021Bajo",15,"Bajo",23.45780716,-109.405278,100,8,0,0,0,0.5,0,0,0,0,0,11.875,0,2.875,0,2.75,0,0,0,0.25,0,70.25,0,0,0,0,0,186.25,0,5.375,0,0.125,2.375,0,0.375,0,0.625,0,0,0,0,0,0,0,0,0.375,5.25,0,0,0,0,0.25,6.25,0.625,1,0,0,60.25,0,0,0,0,5.25,0,0,16.25,0.125,0,3.125,0,0,0,0,0,0,0,2.75,0.25,10.375,0,0,0.125,0.25,0.25,0.875,0,0,0,1.25,0,0,0,2.375,0,0.5,1.75,0,2.75,21.875,0,0,0.125,37,427.875,-0.31526204966462,-0.347931600486176,-0.263762437448512,-0.184466289169344,-0.230331777045163,0.36797733110349,0.429806757849661,0.28776786942295,0.335549825933587,0.254466912455063,0.683239380768111,0.777738358335837,0.551530306871462,0.520016115102931,0.484798689500227,0.146629898749908,0.209126262033484,-0.16060235849988,-0.00327923396017279,0.00696895736564074,0.382312,0.977126,0.473647,0.67536930904755,0.786117083707722,0.443142177711486
"2021Cantil",15,"Cantil",23.43973468,-109.4111893,200,32,0,0.109375,0,0.15625,0,0.859375,0,0,0,0.65625,0,1.375,0.28125,0.96875,0,0,0,0.6875,0,1.078125,0.109375,0,0,0,0,2.671875,0,1.765625,0,0.03125,0.0625,0,0.125,0,0,0.109375,0,0,0,0,0,1.25,0,0.953125,2.796875,0,0.015625,0,0,0,0.6875,0.09375,0.140625,0.0625,0,0.3125,0,0,0,0,0.34375,0,0.015625,4.3125,0.09375,0,0.5625,0,0,0,0.28125,0.015625,0,0,1.953125,0,3.234375,0.125,0,0.140625,1.578125,0.25,0.515625,0,0,0,0.1875,0,0,0,0.25,0,0.46875,2.046875,0,1.0625,27.109375,0,0,0.140625,46,62.046875,-0.31526204966462,-0.347931600486176,-0.263762437448512,-0.254884704764505,-0.230331777045163,0.36797733110349,0.429806757849661,0.28776786942295,0.335549825933587,0.254466912455063,0.683239380768111,0.777738358335837,0.551530306871462,0.590434530698092,0.484798689500227,-0.00805094716292033,0.114629945225656,-0.124249216735332,-0.0756589506999586,-0.0064954753152931,0.391198,0.905845,0.565514,0.590544420383611,0.606066679329003,0.477534236645779
"2021Chopitos",15,"Chopitos-Casitas",23.40370307,-109.4168574,100,12,0,3.583333333,0,0,0,0.333333333,0,0,4.583333333,0,0,0.833333333,0,2.25,0,0,0,1.583333333,0,0.916666667,0.083333333,0,0,0,0,55.41666667,0,2.583333333,0.083333333,0.083333333,0.166666667,0,0.083333333,0,0,0,0,0,0,0,0,0.5,0,1.416666667,3.5,0,0,0,0.166666667,0,0.25,0.25,0.416666667,0.5,0,0.083333333,0,0,0,0,0,0,0,0,0,0,0.666666667,0,0.083333333,0,0.75,0.083333333,0,0,1,0,5.833333333,0.083333333,0,0.25,1,0,1.666666667,0,0,0,0.666666667,0,0,0,5.583333333,0,4.25,2.166666667,0,16.33333333,46.91666667,0,0,0.333333333,40,167.333333334,-0.31526204966462,-0.347931600486176,-0.259219912229895,-0.275454082949749,-0.230331777045163,0.36797733110349,0.429806757849661,0.28776786942295,0.335549825933587,0.254466912455063,0.683239380768111,0.777738358335837,0.546987781652845,0.611003908883336,0.484798689500227,-0.00701362294877726,0.216411573855098,-0.15135531027401,-0.0484748799534317,-0.0362430111159695,0.288429,0.902126,0.448942,0.591569128892027,0.681393730605636,0.407746741351078
"2021Islote",15,"Islote",23.40785035,-109.413471,100,8,0,0,0,0,0,0,0,0,0,0,0,1.375,0.125,4.5,0,0,0,0.375,0,28.25,0.125,0,0,0,0,123.75,0,2.875,0,0,0.25,0,0.375,0,0.375,0.125,0,0,0,0,0,0,0,0.125,3.625,0,0,0,0,0.125,10.25,0,1.75,0.375,0,0.25,0,0.625,0,0,0.125,0,0.125,0,0,0,2.25,0,0,0,0,0,0,0,0.625,0,2,0,0,0,0.25,0,0.75,0,0,0,1.125,0,0,0,2,0,3.125,2.625,0,0.75,28.375,0,0,0,33,223.75,-0.31526204966462,-0.347931600486176,-0.263762437448512,-0.322253001899466,-0.230331777045163,0.36797733110349,0.429806757849661,0.28776786942295,0.335549825933587,0.254466912455063,0.683239380768111,0.777738358335837,0.551530306871462,0.657802827833053,0.484798689500227,0.0808803853341863,0.315506081510755,-0.184586185532129,-0.0236671174998452,-0.0420344887684336,0.347431,0.96083,0.472268,0.456299561661958,0.774548817243227,0.44733860691923
"2021Frailes-Lobera",15,"Frailes-Lobera",23.38204,-109.414745,100,8,0,0,0,0.25,0,0,0,0,0,0,0,1.875,0.125,4.875,0,0,0,0.5,0,24.375,0.25,0,0,0,0,78.875,0,2,0.125,0,0,0,0,0,0,0.25,0,0,0,5.75,0,0,0,0,0.125,0,0,0,0,0,1.125,0,0.75,0.25,0,0.125,0,0,0,0,2,0,1.25,0,0,0,0.25,0,0,0,3,0,0,0,0.75,0,16.625,0,0,0,0.875,0,3.75,0.125,0,0,0,0,0,0,2.25,0,1.375,0.875,0,2.375,44.375,0,0,0.375,32,201.875,-0.31526204966462,-0.257064319486272,-0.263762437448512,-0.16416778670685,-0.230331777045163,0.449105441079502,0.429806757849661,0.28776786942295,0.335549825933587,0.254466912455063,0.764367490744123,0.686871077335933,0.551530306871462,0.499717612640437,0.484798689500227,0.0651969680010478,0.265794668686252,-0.15806013228267,-0.030951862819162,-0.00881699412547531,0.291823,0.958717,0.497385,0.560136409474384,0.730108860381568,0.461322030588936
"2021Morros",15,"Morros",23.4616989,-109.4067642,100,6,0,0,0,0.333333333,0,0.333333333,0,0,0,10.16666667,0,1.666666667,0,12.16666667,0,0,0,0,70.5,11.16666667,0,0,0,0,0,224.5,0,6.166666667,0,0.833333333,1.666666667,0,0,0,0,0,0,0,0,0,0,0,0,0.166666667,2,0,0,0,0,0.166666667,8.666666667,0.166666667,11,0,0,0,0,0,0,0,0,0,0,0,0.333333333,0,4.833333333,0,0,0,0.166666667,0,0,0,3,0.166666667,8.5,0,0.166666667,1.333333333,0.833333333,0.833333333,0,0,0,0,1.333333333,0,0,0,2.666666667,0,2.5,3.333333333,0,1.333333333,24,0,0,0.5,34,417.50000001,-0.31526204966462,-0.343781317938471,-0.259219912229895,-0.16416778670685,-0.230331777045163,0.40199144481392,0.429806757849661,0.28776786942295,0.335549825933587,0.254466912455063,0.717253494478541,0.773588075788131,0.546987781652845,0.499717612640437,0.484798689500227,0.136965278520547,0.294814493522379,-0.148501421620702,0.00945654386514929,-0.0407827018373776,0.264044,0.969142,0.352617,0.562704857721614,0.800133863724772,0.382414794783661
"2021Navajas",15,"Navajas",23.44524538,-109.4178619,100,8,0,11.25,0,0.25,0,0.125,0,0,0,0,0,1.5,0,2.125,0,0,0,0.5,0,13.875,0.125,0,0,0,0,163.75,0,6.875,0,0,0,0,1.5,0,0,0,0,0,0,0,0,0,0,1.625,1.75,0,0,0.25,0,0.125,2.625,0,10.875,1.5,0,0.75,0,0,0,0,2.875,0,0.5,1.75,0,0,0.375,0,0,0,0.5,0.125,0,0,0.375,0.25,25.625,0.875,0,0.25,3.625,0.5,2.625,0,0,0,0,0,0,0,4.25,0.25,9.625,1.875,0,6.5,80,0,0,0.625,40,364.75,-0.31526204966462,-0.347931600486176,-0.263762437448512,-0.254884704764505,-0.230331777045163,0.36797733110349,0.429806757849661,0.28776786942295,0.335549825933587,0.254466912455063,0.683239380768111,0.777738358335837,0.551530306871462,0.590434530698092,0.484798689500227,0.046919037796346,0.284511359553869,-0.176807118454239,-0.0233117855626659,-0.024352248491062,0.307034,0.97037,0.487171,0.510905466086798,0.742427608143142,0.462772673959995
"2021Tachuelas",15,"Tachuelas",23.49104994,-109.4619083,100,12,0,0,0,0,0,0,0,0,0,0,0,0.916666667,0.25,0.083333333,0,0,0,2.25,0,0,0,0.083333333,0,0,0,0,0,0.75,0,0.916666667,0,0,0.333333333,0,0.083333333,0,0,0,0,0,0,0,0,1.416666667,5.666666667,0,0,0,0,0,1.333333333,0.416666667,0,0,0,0.333333333,0,0,0,0,0,0,0,0,0,0,3,0,0,0,0,0.25,0,0,1.333333333,0,0,0.333333333,0,0,1.166666667,0,0.333333333,0,0,0,2.5,0,0,0,1.666666667,0,3.666666667,1.666666667,0,2.166666667,54.83333333,0,0,0,26,87.749999997,-0.31526204966462,-0.347931600486176,-0.230115550015387,-0.254884704764505,-0.230331777045163,0.36797733110349,0.229356287758008,0.28776786942295,0.335549825933587,0.162245879365615,0.683239380768111,0.577287888244185,0.517883419438337,0.590434530698092,0.392577656410779,-0.0561716623860648,0.13053896445579,-0.144052586423645,-0.0935712020824493,-0.0572153898368147,0.20853,0.914292,0.592678,0.471771491747387,0.59387425396726,0.419044207226537
